errs,lambdas
5.513429641723633e-07,1.0
4.917383194247282e-07,0.9990224828934506
4.470348358154297e-07,0.9980449657869013
3.8743019104003906e-07,0.9970674486803519
3.2782554626464844e-07,0.9960899315738025
2.980232239324643e-07,0.9951124144672532
2.8312206268310547e-07,0.9941348973607038
1.7881393438168303e-07,0.9931573802541545
1.7881393432617188e-07,0.9921798631476051
1.4901161196623214e-07,0.9912023460410557
1.192092896062924e-07,0.9902248289345064
1.3411045080014006e-07,0.989247311827957
5.96046448031462e-08,0.9882697947214076
8.940696724635266e-08,0.9872922776148583
5.960464483090178e-08,0.9863147605083089
1.4901161193847656e-07,0.9853372434017595
4.470348358154297e-08,0.9843597262952102
5.960464477539063e-08,0.9833822091886608
5.551115123125783e-17,0.9824046920821115
2.7755575615628914e-17,0.9814271749755621
1.4901161221603232e-08,0.9804496578690127
5.551115123125783e-17,0.9794721407624634
5.551115123125783e-17,0.978494623655914
-2.9802322304428586e-08,0.9775171065493646
2.9802322387695312e-08,0.9765395894428153
0.0,0.9755620723362659
-1.4901161193847656e-08,0.9745845552297165
-5.9604644719879474e-08,0.9736070381231672
2.9802322387695312e-08,0.9726295210166178
8.326672684688674e-17,0.9716520039100685
5.551115123125783e-17,0.9706744868035191
1.4901161249358807e-08,0.9696969696969697
1.4901161221603232e-08,0.9687194525904204
2.7755575615628914e-17,0.967741935483871
2.9802322443206464e-08,0.9667644183773216
4.4703483609298544e-08,0.9657869012707723
-1.490116116609208e-08,0.9648093841642229
1.4901161249358807e-08,0.9638318670576735
1.4901161277114383e-08,0.9628543499511242
4.470348358154297e-08,0.9618768328445748
1.4901161249358807e-08,0.9608993157380255
2.9802322387695312e-08,0.9599217986314761
2.7755575615628914e-17,0.9589442815249267
4.470348363705412e-08,0.9579667644183774
5.551115123125783e-17,0.956989247311828
5.96046448031462e-08,0.9560117302052786
8.326672684688674e-17,0.9550342130987293
4.470348358154297e-08,0.9540566959921799
2.9802322443206464e-08,0.9530791788856305
2.9802322387695312e-08,0.9521016617790812
0.0,0.9511241446725318
5.960464477539063e-08,0.9501466275659824
1.1920928955078125e-07,0.9491691104594331
2.9802322387695312e-08,0.9481915933528837
2.9802322443206464e-08,0.9472140762463344
5.960464477539063e-08,0.946236559139785
2.9802322387695312e-08,0.9452590420332356
2.9802322387695312e-08,0.9442815249266863
2.9802322387695312e-08,0.9433040078201369
5.551115123125783e-17,0.9423264907135875
2.9802322443206464e-08,0.9413489736070382
-2.9802322387695312e-08,0.9403714565004888
2.9802322387695312e-08,0.9393939393939394
2.9802322387695312e-08,0.9384164222873901
5.960464477539063e-08,0.9374389051808407
2.9802322443206464e-08,0.9364613880742914
2.9802322387695312e-08,0.935483870967742
5.960464477539063e-08,0.9345063538611926
0.0,0.9335288367546433
0.0,0.9325513196480939
2.9802322387695312e-08,0.9315738025415445
-2.980232233218416e-08,0.9305962854349952
2.9802322443206464e-08,0.9296187683284458
0.0,0.9286412512218963
0.0,0.927663734115347
2.9802322387695312e-08,0.9266862170087976
0.0,0.9257086999022482
5.960464477539063e-08,0.9247311827956989
2.9802322387695312e-08,0.9237536656891495
0.0,0.9227761485826002
5.551115123125783e-17,0.9217986314760508
2.9802322387695312e-08,0.9208211143695014
2.9802322387695312e-08,0.9198435972629521
5.960464483090178e-08,0.9188660801564027
0.0,0.9178885630498533
5.551115123125783e-17,0.916911045943304
2.9802322387695312e-08,0.9159335288367546
0.0,0.9149560117302052
-2.9802322387695312e-08,0.9139784946236559
5.551115123125783e-17,0.9130009775171065
0.0,0.9120234604105572
0.0,0.9110459433040078
-5.960464477539063e-08,0.9100684261974584
-5.9604644719879474e-08,0.9090909090909091
2.9802322387695312e-08,0.9081133919843597
5.551115123125783e-17,0.9071358748778103
5.551115123125783e-17,0.906158357771261
2.9802322443206464e-08,0.9051808406647116
2.9802322443206464e-08,0.9042033235581622
2.9802322387695312e-08,0.9032258064516129
2.9802322387695312e-08,0.9022482893450635
2.9802322443206464e-08,0.9012707722385142
0.0,0.9002932551319648
-2.980232233218416e-08,0.8993157380254154
2.9802322387695312e-08,0.8983382209188661
-2.9802322387695312e-08,0.8973607038123167
5.551115123125783e-17,0.8963831867057673
0.0,0.895405669599218
0.0,0.8944281524926686
5.960464483090178e-08,0.8934506353861192
-2.980232233218416e-08,0.8924731182795699
-2.9802322387695312e-08,0.8914956011730205
2.9802322387695312e-08,0.8905180840664711
5.551115123125783e-17,0.8895405669599218
-5.9604644719879474e-08,0.8885630498533724
5.960464477539063e-08,0.8875855327468231
-2.9802322387695312e-08,0.8866080156402737
0.0,0.8856304985337243
2.9802322387695312e-08,0.884652981427175
0.0,0.8836754643206256
2.9802322387695312e-08,0.8826979472140762
5.960464477539063e-08,0.8817204301075269
-2.9802322387695312e-08,0.8807429130009775
-2.9802322387695312e-08,0.8797653958944281
-5.960464477539063e-08,0.8787878787878788
2.9802322443206464e-08,0.8778103616813294
-2.980232233218416e-08,0.8768328445747801
5.960464477539063e-08,0.8758553274682307
0.0,0.8748778103616813
5.960464483090178e-08,0.873900293255132
2.9802322443206464e-08,0.8729227761485826
5.551115123125783e-17,0.8719452590420332
0.0,0.8709677419354839
0.0,0.8699902248289345
2.9802322443206464e-08,0.8690127077223851
0.0,0.8680351906158358
-5.9604644719879474e-08,0.8670576735092864
2.9802322443206464e-08,0.8660801564027371
2.9802322443206464e-08,0.8651026392961877
-2.980232233218416e-08,0.8641251221896383
5.960464483090178e-08,0.863147605083089
0.0,0.8621700879765396
2.9802322443206464e-08,0.8611925708699902
2.9802322387695312e-08,0.8602150537634409
5.960464477539063e-08,0.8592375366568915
-2.980232233218416e-08,0.8582600195503421
5.960464477539063e-08,0.8572825024437928
2.9802322387695312e-08,0.8563049853372434
0.0,0.855327468230694
0.0,0.8543499511241447
2.9802322387695312e-08,0.8533724340175953
2.9802322443206464e-08,0.852394916911046
5.551115123125783e-17,0.8514173998044966
0.0,0.8504398826979472
5.551115123125783e-17,0.8494623655913979
5.960464477539063e-08,0.8484848484848485
-2.9802322387695312e-08,0.8475073313782991
-2.9802322387695312e-08,0.8465298142717498
5.960464483090178e-08,0.8455522971652004
5.960464483090178e-08,0.844574780058651
2.9802322387695312e-08,0.8435972629521017
2.9802322443206464e-08,0.8426197458455523
2.9802322443206464e-08,0.841642228739003
0.0,0.8406647116324536
0.0,0.8396871945259042
5.960464483090178e-08,0.8387096774193549
2.9802322443206464e-08,0.8377321603128055
2.9802322387695312e-08,0.8367546432062561
-2.9802322387695312e-08,0.8357771260997068
2.9802322443206464e-08,0.8347996089931574
0.0,0.833822091886608
5.960464483090178e-08,0.8328445747800587
0.0,0.8318670576735093
0.0,0.83088954056696
-2.9802322387695312e-08,0.8299120234604106
5.551115123125783e-17,0.8289345063538612
2.9802322387695312e-08,0.8279569892473118
2.9802322387695312e-08,0.8269794721407624
5.551115123125783e-17,0.826001955034213
2.9802322387695312e-08,0.8250244379276637
5.960464483090178e-08,0.8240469208211143
5.551115123125783e-17,0.8230694037145649
5.960464483090178e-08,0.8220918866080156
2.9802322443206464e-08,0.8211143695014662
5.960464477539063e-08,0.8201368523949168
0.0,0.8191593352883675
2.9802322443206464e-08,0.8181818181818181
2.9802322387695312e-08,0.8172043010752688
5.551115123125783e-17,0.8162267839687194
5.551115123125783e-17,0.81524926686217
5.551115123125783e-17,0.8142717497556207
2.9802322387695312e-08,0.8132942326490713
2.9802322387695312e-08,0.8123167155425219
-5.9604644719879474e-08,0.8113391984359726
0.0,0.8103616813294232
0.0,0.8093841642228738
2.9802322387695312e-08,0.8084066471163245
0.0,0.8074291300097751
2.9802322387695312e-08,0.8064516129032258
-5.960464477539063e-08,0.8054740957966764
-2.980232233218416e-08,0.804496578690127
0.0,0.8035190615835777
-2.9802322387695312e-08,0.8025415444770283
2.9802322387695312e-08,0.8015640273704789
-2.9802322387695312e-08,0.8005865102639296
2.9802322443206464e-08,0.7996089931573802
2.9802322443206464e-08,0.7986314760508308
0.0,0.7976539589442815
0.0,0.7966764418377321
-5.960464477539063e-08,0.7956989247311828
0.0,0.7947214076246334
2.9802322387695312e-08,0.793743890518084
-2.980232233218416e-08,0.7927663734115347
5.960464477539063e-08,0.7917888563049853
-2.9802322387695312e-08,0.7908113391984359
5.551115123125783e-17,0.7898338220918866
-2.980232233218416e-08,0.7888563049853372
0.0,0.7878787878787878
-5.960464477539063e-08,0.7869012707722385
-2.980232233218416e-08,0.7859237536656891
-5.9604644719879474e-08,0.7849462365591398
-2.9802322387695312e-08,0.7839687194525904
-2.9802322387695312e-08,0.782991202346041
5.551115123125783e-17,0.7820136852394917
2.9802322443206464e-08,0.7810361681329423
5.551115123125783e-17,0.7800586510263929
5.960464483090178e-08,0.7790811339198436
0.0,0.7781036168132942
-2.980232233218416e-08,0.7771260997067448
2.9802322387695312e-08,0.7761485826001955
2.9802322443206464e-08,0.7751710654936461
5.960464483090178e-08,0.7741935483870968
5.960464477539063e-08,0.7732160312805474
-5.960464477539063e-08,0.772238514173998
5.960464477539063e-08,0.7712609970674487
5.551115123125783e-17,0.7702834799608993
-2.9802322387695312e-08,0.7693059628543499
-5.960464477539063e-08,0.7683284457478006
2.9802322443206464e-08,0.7673509286412512
2.9802322443206464e-08,0.7663734115347018
2.9802322387695312e-08,0.7653958944281525
5.551115123125783e-17,0.7644183773216031
5.551115123125783e-17,0.7634408602150538
-2.980232233218416e-08,0.7624633431085044
0.0,0.761485826001955
2.9802322387695312e-08,0.7605083088954057
5.960464483090178e-08,0.7595307917888563
2.9802322387695312e-08,0.7585532746823069
5.960464477539063e-08,0.7575757575757576
0.0,0.7565982404692082
5.551115123125783e-17,0.7556207233626588
0.0,0.7546432062561095
-2.9802322387695312e-08,0.7536656891495601
2.9802322387695312e-08,0.7526881720430108
5.960464483090178e-08,0.7517106549364614
-2.9802322387695312e-08,0.750733137829912
2.9802322387695312e-08,0.7497556207233627
5.551115123125783e-17,0.7487781036168133
5.551115123125783e-17,0.7478005865102639
0.0,0.7468230694037146
2.9802322387695312e-08,0.7458455522971652
2.9802322387695312e-08,0.7448680351906158
2.9802322443206464e-08,0.7438905180840665
5.960464477539063e-08,0.7429130009775171
2.9802322387695312e-08,0.7419354838709677
5.960464477539063e-08,0.7409579667644184
0.0,0.739980449657869
0.0,0.7390029325513197
5.960464477539063e-08,0.7380254154447703
1.1920928955078125e-07,0.7370478983382209
2.9802322443206464e-08,0.7360703812316716
8.940696721859709e-08,0.7350928641251222
5.551115123125783e-17,0.7341153470185728
0.0,0.7331378299120235
5.551115123125783e-17,0.7321603128054741
-5.960464477539063e-08,0.7311827956989247
-2.9802322387695312e-08,0.7302052785923754
2.9802322387695312e-08,0.729227761485826
5.551115123125783e-17,0.7282502443792767
5.551115123125783e-17,0.7272727272727273
5.960464477539063e-08,0.7262952101661779
2.9802322443206464e-08,0.7253176930596286
5.960464477539063e-08,0.7243401759530792
2.9802322387695312e-08,0.7233626588465298
2.9802322443206464e-08,0.7223851417399805
2.9802322387695312e-08,0.7214076246334311
5.960464477539063e-08,0.7204301075268817
0.0,0.7194525904203324
2.9802322443206464e-08,0.718475073313783
2.9802322443206464e-08,0.7174975562072337
0.0,0.7165200391006843
5.551115123125783e-17,0.7155425219941349
8.940696721859709e-08,0.7145650048875856
5.960464477539063e-08,0.7135874877810362
0.0,0.7126099706744868
8.940696716308594e-08,0.7116324535679375
5.960464477539063e-08,0.7106549364613881
2.9802322443206464e-08,0.7096774193548387
0.0,0.7086999022482894
8.940696716308594e-08,0.70772238514174
8.940696721859709e-08,0.7067448680351907
2.9802322387695312e-08,0.7057673509286413
0.0,0.7047898338220919
5.960464477539063e-08,0.7038123167155426
2.9802322387695312e-08,0.7028347996089932
2.9802322387695312e-08,0.7018572825024438
5.960464483090178e-08,0.7008797653958945
2.9802322443206464e-08,0.6999022482893451
2.9802322387695312e-08,0.6989247311827957
5.960464477539063e-08,0.6979472140762464
2.9802322387695312e-08,0.696969696969697
5.960464477539063e-08,0.6959921798631477
5.960464477539063e-08,0.6950146627565983
5.551115123125783e-17,0.6940371456500489
0.0,0.6930596285434996
8.940696721859709e-08,0.6920821114369502
0.0,0.6911045943304008
5.551115123125783e-17,0.6901270772238515
-2.9802322387695312e-08,0.6891495601173021
0.0,0.6881720430107527
0.0,0.6871945259042034
5.551115123125783e-17,0.686217008797654
8.940696716308594e-08,0.6852394916911047
5.960464483090178e-08,0.6842619745845553
0.0,0.6832844574780059
5.960464483090178e-08,0.6823069403714566
2.9802322387695312e-08,0.6813294232649072
0.0,0.6803519061583578
2.9802322443206464e-08,0.6793743890518085
2.9802322387695312e-08,0.6783968719452591
5.960464483090178e-08,0.6774193548387097
2.9802322443206464e-08,0.6764418377321604
5.960464483090178e-08,0.675464320625611
0.0,0.6744868035190617
2.9802322387695312e-08,0.6735092864125123
2.9802322387695312e-08,0.6725317693059629
-8.940696710757479e-08,0.6715542521994136
-5.9604644719879474e-08,0.6705767350928642
5.551115123125783e-17,0.6695992179863148
5.960464477539063e-08,0.6686217008797655
5.551115123125783e-17,0.6676441837732161
-2.980232233218416e-08,0.6666666666666667
2.9802322387695312e-08,0.6656891495601174
0.0,0.664711632453568
-2.980232233218416e-08,0.6637341153470186
5.960464483090178e-08,0.6627565982404693
5.960464483090178e-08,0.6617790811339199
5.551115123125783e-17,0.6608015640273706
0.0,0.6598240469208212
2.9802322443206464e-08,0.6588465298142718
0.0,0.6578690127077225
-2.9802322387695312e-08,0.6568914956011731
5.551115123125783e-17,0.6559139784946236
5.960464477539063e-08,0.6549364613880743
-2.9802322387695312e-08,0.6539589442815249
2.9802322387695312e-08,0.6529814271749755
2.9802322387695312e-08,0.6520039100684262
-2.980232233218416e-08,0.6510263929618768
2.9802322387695312e-08,0.6500488758553274
5.960464477539063e-08,0.6490713587487781
5.551115123125783e-17,0.6480938416422287
2.9802322387695312e-08,0.6471163245356794
5.551115123125783e-17,0.64613880742913
2.9802322443206464e-08,0.6451612903225806
5.960464483090178e-08,0.6441837732160313
5.551115123125783e-17,0.6432062561094819
5.551115123125783e-17,0.6422287390029325
2.9802322387695312e-08,0.6412512218963832
0.0,0.6402737047898338
-5.9604644719879474e-08,0.6392961876832844
5.551115123125783e-17,0.6383186705767351
-2.9802322387695312e-08,0.6373411534701857
-2.980232233218416e-08,0.6363636363636364
5.551115123125783e-17,0.635386119257087
0.0,0.6344086021505376
5.960464477539063e-08,0.6334310850439883
-5.960464477539063e-08,0.6324535679374389
-5.960464477539063e-08,0.6314760508308895
0.0,0.6304985337243402
0.0,0.6295210166177908
0.0,0.6285434995112414
-5.960464477539063e-08,0.6275659824046921
5.960464477539063e-08,0.6265884652981427
-5.960464477539063e-08,0.6256109481915934
0.0,0.624633431085044
5.960464477539063e-08,0.6236559139784946
0.0,0.6226783968719453
0.0,0.6217008797653959
-5.960464477539063e-08,0.6207233626588465
-5.960464477539063e-08,0.6197458455522972
-5.960464477539063e-08,0.6187683284457478
5.960464477539063e-08,0.6177908113391984
-5.960464477539063e-08,0.6168132942326491
-5.960464477539063e-08,0.6158357771260997
5.960464477539063e-08,0.6148582600195504
0.0,0.613880742913001
0.0,0.6129032258064516
0.0,0.6119257086999023
-5.960464477539063e-08,0.6109481915933529
-5.960464477539063e-08,0.6099706744868035
-5.960464477539063e-08,0.6089931573802542
0.0,0.6080156402737048
5.960464477539063e-08,0.6070381231671554
-5.960464477539063e-08,0.6060606060606061
0.0,0.6050830889540567
0.0,0.6041055718475073
0.0,0.603128054740958
5.960464477539063e-08,0.6021505376344086
-1.1920928955078125e-07,0.6011730205278593
5.960464477539063e-08,0.6001955034213099
-5.960464477539063e-08,0.5992179863147605
0.0,0.5982404692082112
-5.960464477539063e-08,0.5972629521016618
-5.960464477539063e-08,0.5962854349951124
-5.960464477539063e-08,0.5953079178885631
0.0,0.5943304007820137
-5.960464477539063e-08,0.5933528836754643
5.960464477539063e-08,0.5923753665689149
-5.960464477539063e-08,0.5913978494623655
0.0,0.5904203323558161
0.0,0.5894428152492668
0.0,0.5884652981427174
5.960464477539063e-08,0.587487781036168
0.0,0.5865102639296187
0.0,0.5855327468230693
0.0,0.58455522971652
5.960464477539063e-08,0.5835777126099706
-5.960464477539063e-08,0.5826001955034212
5.960464477539063e-08,0.5816226783968719
0.0,0.5806451612903225
5.960464477539063e-08,0.5796676441837731
0.0,0.5786901270772238
-5.960464477539063e-08,0.5777126099706744
5.960464477539063e-08,0.576735092864125
0.0,0.5757575757575757
-5.960464477539063e-08,0.5747800586510263
5.960464477539063e-08,0.573802541544477
-5.960464477539063e-08,0.5728250244379276
-5.960464477539063e-08,0.5718475073313782
-5.960464477539063e-08,0.5708699902248289
5.960464477539063e-08,0.5698924731182795
0.0,0.5689149560117301
0.0,0.5679374389051808
-5.960464477539063e-08,0.5669599217986314
0.0,0.565982404692082
5.960464477539063e-08,0.5650048875855327
5.960464477539063e-08,0.5640273704789833
0.0,0.563049853372434
5.960464477539063e-08,0.5620723362658846
5.960464477539063e-08,0.5610948191593352
0.0,0.5601173020527859
0.0,0.5591397849462365
0.0,0.5581622678396871
0.0,0.5571847507331378
0.0,0.5562072336265884
5.960464477539063e-08,0.555229716520039
5.960464477539063e-08,0.5542521994134897
0.0,0.5532746823069403
0.0,0.552297165200391
0.0,0.5513196480938416
0.0,0.5503421309872922
0.0,0.5493646138807429
0.0,0.5483870967741935
0.0,0.5474095796676441
0.0,0.5464320625610948
5.960464477539063e-08,0.5454545454545454
0.0,0.544477028347996
0.0,0.5434995112414467
1.1920928955078125e-07,0.5425219941348973
0.0,0.541544477028348
0.0,0.5405669599217986
-5.960464477539063e-08,0.5395894428152492
-5.960464477539063e-08,0.5386119257086999
0.0,0.5376344086021505
0.0,0.5366568914956011
0.0,0.5356793743890518
0.0,0.5347018572825024
5.960464477539063e-08,0.533724340175953
0.0,0.5327468230694037
0.0,0.5317693059628543
0.0,0.530791788856305
5.960464477539063e-08,0.5298142717497556
0.0,0.5288367546432062
-5.960464477539063e-08,0.5278592375366569
5.960464477539063e-08,0.5268817204301075
-5.960464477539063e-08,0.5259042033235581
5.960464477539063e-08,0.5249266862170088
0.0,0.5239491691104594
5.960464477539063e-08,0.52297165200391
0.0,0.5219941348973607
0.0,0.5210166177908113
5.960464477539063e-08,0.520039100684262
0.0,0.5190615835777126
0.0,0.5180840664711632
0.0,0.5171065493646139
0.0,0.5161290322580645
0.0,0.5151515151515151
0.0,0.5141739980449658
5.960464477539063e-08,0.5131964809384164
0.0,0.512218963831867
5.960464477539063e-08,0.5112414467253177
0.0,0.5102639296187683
-5.960464477539063e-08,0.509286412512219
0.0,0.5083088954056696
5.960464477539063e-08,0.5073313782991202
5.960464477539063e-08,0.5063538611925709
0.0,0.5053763440860215
5.960464477539063e-08,0.5043988269794721
-5.960464477539063e-08,0.5034213098729228
0.0,0.5024437927663734
5.960464477539063e-08,0.501466275659824
-5.960464477539063e-08,0.5004887585532747
0.0,0.4995112414467253
0.0,0.49853372434017595
0.0,0.4975562072336266
-1.1920928955078125e-07,0.4965786901270772
0.0,0.49560117302052786
0.0,0.4946236559139785
0.0,0.49364613880742914
5.960464477539063e-08,0.49266862170087977
0.0,0.4916911045943304
5.960464477539063e-08,0.49071358748778104
0.0,0.4897360703812317
0.0,0.4887585532746823
5.960464477539063e-08,0.48778103616813295
5.960464477539063e-08,0.4868035190615836
0.0,0.4858260019550342
-5.960464477539063e-08,0.48484848484848486
-5.960464477539063e-08,0.4838709677419355
5.960464477539063e-08,0.48289345063538613
5.960464477539063e-08,0.48191593352883677
5.960464477539063e-08,0.4809384164222874
5.960464477539063e-08,0.47996089931573804
0.0,0.4789833822091887
0.0,0.4780058651026393
0.0,0.47702834799608995
0.0,0.4760508308895406
5.960464477539063e-08,0.4750733137829912
0.0,0.47409579667644186
5.960464477539063e-08,0.4731182795698925
0.0,0.47214076246334313
1.1920928955078125e-07,0.47116324535679377
-5.960464477539063e-08,0.4701857282502444
1.1920928955078125e-07,0.46920821114369504
0.0,0.4682306940371457
-5.960464477539063e-08,0.4672531769305963
-5.960464477539063e-08,0.46627565982404695
0.0,0.4652981427174976
0.0,0.4643206256109482
-5.960464477539063e-08,0.46334310850439886
0.0,0.4623655913978495
-5.960464477539063e-08,0.46138807429130013
0.0,0.46041055718475077
-5.960464477539063e-08,0.4594330400782014
5.960464477539063e-08,0.45845552297165204
0.0,0.4574780058651027
0.0,0.4565004887585533
-5.960464477539063e-08,0.45552297165200395
0.0,0.4545454545454546
0.0,0.4535679374389052
-5.960464477539063e-08,0.45259042033235586
1.1920928955078125e-07,0.4516129032258065
-5.960464477539063e-08,0.45063538611925713
5.960464477539063e-08,0.44965786901270777
0.0,0.4486803519061584
0.0,0.44770283479960904
0.0,0.4467253176930597
5.960464477539063e-08,0.4457478005865103
0.0,0.44477028347996095
-5.960464477539063e-08,0.4437927663734116
5.960464477539063e-08,0.4428152492668622
-5.960464477539063e-08,0.44183773216031286
5.960464477539063e-08,0.4408602150537635
5.960464477539063e-08,0.43988269794721413
5.960464477539063e-08,0.43890518084066477
0.0,0.4379276637341154
0.0,0.43695014662756604
0.0,0.43597262952101656
5.960464477539063e-08,0.4349951124144672
5.960464477539063e-08,0.43401759530791784
0.0,0.4330400782013685
-5.960464477539063e-08,0.4320625610948191
0.0,0.43108504398826974
0.0,0.4301075268817204
5.960464477539063e-08,0.429130009775171
5.960464477539063e-08,0.42815249266862165
0.0,0.4271749755620723
0.0,0.4261974584555229
5.960464477539063e-08,0.42521994134897356
5.960464477539063e-08,0.4242424242424242
0.0,0.42326490713587483
0.0,0.42228739002932547
0.0,0.4213098729227761
5.960464477539063e-08,0.42033235581622674
0.0,0.4193548387096774
5.960464477539063e-08,0.418377321603128
5.960464477539063e-08,0.41739980449657865
-5.960464477539063e-08,0.4164222873900293
5.960464477539063e-08,0.4154447702834799
5.960464477539063e-08,0.41446725317693056
0.0,0.4134897360703812
0.0,0.41251221896383183
5.960464477539063e-08,0.41153470185728247
5.960464477539063e-08,0.4105571847507331
0.0,0.40957966764418374
0.0,0.4086021505376344
5.960464477539063e-08,0.407624633431085
5.960464477539063e-08,0.40664711632453565
0.0,0.4056695992179863
0.0,0.4046920821114369
0.0,0.40371456500488756
-5.960464477539063e-08,0.4027370478983382
0.0,0.40175953079178883
-5.960464477539063e-08,0.40078201368523947
-1.1920928955078125e-07,0.3998044965786901
0.0,0.39882697947214074
-5.960464477539063e-08,0.3978494623655914
0.0,0.396871945259042
0.0,0.39589442815249265
0.0,0.3949169110459433
-5.960464477539063e-08,0.3939393939393939
0.0,0.39296187683284456
0.0,0.3919843597262952
0.0,0.39100684261974583
5.960464477539063e-08,0.39002932551319647
0.0,0.3890518084066471
-5.960464477539063e-08,0.38807429130009774
5.960464477539063e-08,0.3870967741935484
0.0,0.386119257086999
0.0,0.38514173998044965
-5.960464477539063e-08,0.3841642228739003
-5.960464477539063e-08,0.3831867057673509
5.960464477539063e-08,0.38220918866080156
-1.1920928955078125e-07,0.3812316715542522
0.0,0.38025415444770283
0.0,0.37927663734115347
0.0,0.3782991202346041
-5.960464477539063e-08,0.37732160312805474
0.0,0.3763440860215054
0.0,0.375366568914956
0.0,0.37438905180840665
0.0,0.3734115347018573
5.960464477539063e-08,0.3724340175953079
0.0,0.37145650048875856
-5.960464477539063e-08,0.3704789833822092
5.960464477539063e-08,0.36950146627565983
5.960464477539063e-08,0.36852394916911047
0.0,0.3675464320625611
0.0,0.36656891495601174
0.0,0.3655913978494624
-1.1920928955078125e-07,0.364613880742913
-5.960464477539063e-08,0.36363636363636365
5.960464477539063e-08,0.3626588465298143
0.0,0.3616813294232649
0.0,0.36070381231671556
0.0,0.3597262952101662
-5.960464477539063e-08,0.3587487781036168
0.0,0.35777126099706746
0.0,0.3567937438905181
5.960464477539063e-08,0.35581622678396874
1.1920928955078125e-07,0.3548387096774194
5.960464477539063e-08,0.35386119257087
5.960464477539063e-08,0.35288367546432065
0.0,0.3519061583577713
1.1920928955078125e-07,0.3509286412512219
5.960464477539063e-08,0.34995112414467255
0.0,0.3489736070381232
0.0,0.3479960899315738
-5.960464477539063e-08,0.34701857282502446
0.0,0.3460410557184751
1.1920928955078125e-07,0.34506353861192574
5.960464477539063e-08,0.34408602150537637
5.960464477539063e-08,0.343108504398827
0.0,0.34213098729227764
0.0,0.3411534701857283
0.0,0.3401759530791789
0.0,0.33919843597262955
0.0,0.3382209188660802
0.0,0.3372434017595308
0.0,0.33626588465298146
0.0,0.3352883675464321
0.0,0.33431085043988273
0.0,0.33333333333333337
1.1920928955078125e-07,0.332355816226784
-1.1920928955078125e-07,0.33137829912023464
-5.960464477539063e-08,0.3304007820136853
0.0,0.3294232649071359
0.0,0.32844574780058655
0.0,0.3274682306940372
5.960464477539063e-08,0.3264907135874878
0.0,0.32551319648093846
5.960464477539063e-08,0.3245356793743891
5.960464477539063e-08,0.32355816226783973
5.960464477539063e-08,0.32258064516129037
5.960464477539063e-08,0.321603128054741
5.960464477539063e-08,0.32062561094819164
-5.960464477539063e-08,0.3196480938416423
0.0,0.3186705767350929
0.0,0.31769305962854355
5.960464477539063e-08,0.3167155425219942
0.0,0.3157380254154448
0.0,0.31476050830889546
5.960464477539063e-08,0.3137829912023461
0.0,0.31280547409579673
5.960464477539063e-08,0.31182795698924726
1.1920928955078125e-07,0.3108504398826979
5.960464477539063e-08,0.30987292277614853
0.0,0.30889540566959917
0.0,0.3079178885630498
0.0,0.30694037145650044
0.0,0.3059628543499511
0.0,0.3049853372434017
5.960464477539063e-08,0.30400782013685235
-5.960464477539063e-08,0.303030303030303
0.0,0.3020527859237536
5.960464477539063e-08,0.30107526881720426
1.1920928955078125e-07,0.3000977517106549
5.960464477539063e-08,0.29912023460410553
5.960464477539063e-08,0.29814271749755616
5.960464477539063e-08,0.2971652003910068
0.0,0.29618768328445744
1.1920928955078125e-07,0.2952101661779081
0.0,0.2942326490713587
1.1920928955078125e-07,0.29325513196480935
5.960464477539063e-08,0.29227761485826
0.0,0.2913000977517106
5.960464477539063e-08,0.29032258064516125
5.960464477539063e-08,0.2893450635386119
1.1920928955078125e-07,0.2883675464320625
1.1920928955078125e-07,0.28739002932551316
0.0,0.2864125122189638
5.960464477539063e-08,0.28543499511241444
5.960464477539063e-08,0.28445747800586507
1.1920928955078125e-07,0.2834799608993157
5.960464477539063e-08,0.28250244379276634
5.960464477539063e-08,0.281524926686217
0.0,0.2805474095796676
5.960464477539063e-08,0.27956989247311825
5.960464477539063e-08,0.2785923753665689
5.960464477539063e-08,0.2776148582600195
5.960464477539063e-08,0.27663734115347016
5.960464477539063e-08,0.2756598240469208
0.0,0.27468230694037143
5.960464477539063e-08,0.27370478983382207
1.1920928955078125e-07,0.2727272727272727
-5.960464477539063e-08,0.27174975562072334
0.0,0.270772238514174
5.960464477539063e-08,0.2697947214076246
5.960464477539063e-08,0.26881720430107525
0.0,0.2678396871945259
0.0,0.2668621700879765
0.0,0.26588465298142716
0.0,0.2649071358748778
5.960464477539063e-08,0.26392961876832843
1.1920928955078125e-07,0.26295210166177907
1.1920928955078125e-07,0.2619745845552297
5.960464477539063e-08,0.26099706744868034
5.960464477539063e-08,0.260019550342131
5.960464477539063e-08,0.2590420332355816
5.960464477539063e-08,0.25806451612903225
5.960464477539063e-08,0.2570869990224829
0.0,0.2561094819159335
5.960464477539063e-08,0.25513196480938416
0.0,0.2541544477028348
1.1920928955078125e-07,0.25317693059628543
5.960464477539063e-08,0.25219941348973607
0.0,0.2512218963831867
0.0,0.25024437927663734
5.960464477539063e-08,0.24926686217008798
5.960464477539063e-08,0.2482893450635386
5.960464477539063e-08,0.24731182795698925
5.960464477539063e-08,0.24633431085043989
0.0,0.24535679374389052
0.0,0.24437927663734116
0.0,0.2434017595307918
5.960464477539063e-08,0.24242424242424243
5.960464477539063e-08,0.24144672531769307
0.0,0.2404692082111437
0.0,0.23949169110459434
5.960464477539063e-08,0.23851417399804498
0.0,0.2375366568914956
0.0,0.23655913978494625
0.0,0.23558162267839688
0.0,0.23460410557184752
0.0,0.23362658846529816
1.1920928955078125e-07,0.2326490713587488
0.0,0.23167155425219943
5.960464477539063e-08,0.23069403714565007
5.960464477539063e-08,0.2297165200391007
0.0,0.22873900293255134
-5.960464477539063e-08,0.22776148582600197
5.960464477539063e-08,0.2267839687194526
5.960464477539063e-08,0.22580645161290325
5.960464477539063e-08,0.22482893450635388
5.960464477539063e-08,0.22385141739980452
0.0,0.22287390029325516
0.0,0.2218963831867058
5.960464477539063e-08,0.22091886608015643
1.1920928955078125e-07,0.21994134897360706
1.1920928955078125e-07,0.2189638318670577
5.960464477539063e-08,0.21798631476050834
-5.960464477539063e-08,0.21700879765395897
-1.1920928955078125e-07,0.2160312805474096
0.0,0.21505376344086025
0.0,0.21407624633431088
-1.1920928955078125e-07,0.21309872922776152
-5.960464477539063e-08,0.21212121212121215
5.960464477539063e-08,0.2111436950146628
5.960464477539063e-08,0.21016617790811343
0.0,0.20918866080156406
0.0,0.2082111436950147
5.960464477539063e-08,0.20723362658846534
-5.960464477539063e-08,0.20625610948191597
0.0,0.2052785923753666
5.960464477539063e-08,0.20430107526881724
0.0,0.20332355816226788
0.0,0.20234604105571852
0.0,0.20136852394916915
-5.960464477539063e-08,0.2003910068426198
0.0,0.19941348973607043
-5.960464477539063e-08,0.19843597262952106
5.960464477539063e-08,0.1974584555229717
0.0,0.19648093841642233
5.960464477539063e-08,0.19550342130987297
5.960464477539063e-08,0.1945259042033236
0.0,0.19354838709677424
0.0,0.19257086999022488
0.0,0.19159335288367552
5.960464477539063e-08,0.19061583577712615
5.960464477539063e-08,0.1896383186705768
5.960464477539063e-08,0.18866080156402742
5.960464477539063e-08,0.18768328445747806
5.960464477539063e-08,0.1867057673509287
5.960464477539063e-08,0.18572825024437922
-5.960464477539063e-08,0.18475073313782986
1.1920928955078125e-07,0.1837732160312805
0.0,0.18279569892473113
0.0,0.18181818181818177
5.960464477539063e-08,0.1808406647116324
5.960464477539063e-08,0.17986314760508304
5.960464477539063e-08,0.17888563049853368
1.1920928955078125e-07,0.1779081133919843
1.1920928955078125e-07,0.17693059628543495
1.1920928955078125e-07,0.17595307917888559
5.960464477539063e-08,0.17497556207233622
1.1920928955078125e-07,0.17399804496578686
1.1920928955078125e-07,0.1730205278592375
1.1920928955078125e-07,0.17204301075268813
1.1920928955078125e-07,0.17106549364613877
1.1920928955078125e-07,0.1700879765395894
1.1920928955078125e-07,0.16911045943304004
1.7881393432617188e-07,0.16813294232649068
5.960464477539063e-08,0.1671554252199413
1.1920928955078125e-07,0.16617790811339195
1.1920928955078125e-07,0.16520039100684258
1.1920928955078125e-07,0.16422287390029322
1.192092896062924e-07,0.16324535679374386
1.7881393438168303e-07,0.1622678396871945
1.7881393438168303e-07,0.16129032258064513
1.1920928955078125e-07,0.16031280547409577
8.940696721859709e-08,0.1593352883675464
1.4901161199398771e-07,0.15835777126099704
8.940696721859709e-08,0.15738025415444767
1.4901161193847656e-07,0.1564027370478983
5.960464477539063e-08,0.15542521994134895
1.192092896062924e-07,0.15444770283479958
1.192092896062924e-07,0.15347018572825022
1.1920928955078125e-07,0.15249266862170086
2.086162567138672e-07,0.1515151515151515
1.4901161199398771e-07,0.15053763440860213
1.1920928955078125e-07,0.14956011730205276
5.960464477539063e-08,0.1485826001955034
1.7881393432617188e-07,0.14760508308895404
1.4901161193847656e-07,0.14662756598240467
1.4901161199398771e-07,0.1456500488758553
1.7881393432617188e-07,0.14467253176930595
1.192092896062924e-07,0.14369501466275658
8.940696721859709e-08,0.14271749755620722
2.0861625676937834e-07,0.14173998044965785
1.4901161193847656e-07,0.1407624633431085
1.192092896062924e-07,0.13978494623655913
2.3841857915707365e-07,0.13880742913000976
1.7881393438168303e-07,0.1378299120234604
1.192092896062924e-07,0.13685239491691104
1.4901161199398771e-07,0.13587487781036167
2.384185791015625e-07,0.1348973607038123
1.192092896062924e-07,0.13391984359726294
1.4901161199398771e-07,0.13294232649071358
2.0861625676937834e-07,0.13196480938416422
1.7881393432617188e-07,0.13098729227761485
1.4901161199398771e-07,0.1300097751710655
1.7881393432617188e-07,0.12903225806451613
2.3841857915707365e-07,0.12805474095796676
1.7881393432617188e-07,0.1270772238514174
2.682209014892578e-07,0.12609970674486803
1.7881393432617188e-07,0.12512218963831867
1.7881393432617188e-07,0.1241446725317693
1.192092896062924e-07,0.12316715542521994
8.940696721859709e-08,0.12218963831867058
1.4901161193847656e-07,0.12121212121212122
5.960464483090178e-08,0.12023460410557185
1.192092896062924e-07,0.11925708699902249
1.7881393438168303e-07,0.11827956989247312
1.1920928955078125e-07,0.11730205278592376
1.4901161199398771e-07,0.1163245356793744
8.940696716308594e-08,0.11534701857282503
1.4901161193847656e-07,0.11436950146627567
1.4901161193847656e-07,0.1133919843597263
1.7881393432617188e-07,0.11241446725317694
1.192092896062924e-07,0.11143695014662758
8.940696721859709e-08,0.11045943304007821
8.940696716308594e-08,0.10948191593352885
1.4901161193847656e-07,0.10850439882697949
2.9802322443206464e-08,0.10752688172043012
8.940696721859709e-08,0.10654936461388076
5.960464483090178e-08,0.1055718475073314
8.940696716308594e-08,0.10459433040078203
5.960464477539063e-08,0.10361681329423267
1.1920928955078125e-07,0.1026392961876833
8.940696716308594e-08,0.10166177908113394
1.192092896062924e-07,0.10068426197458458
8.940696721859709e-08,0.09970674486803521
2.9802322443206464e-08,0.09872922776148585
5.960464477539063e-08,0.09775171065493649
2.9802322443206464e-08,0.09677419354838712
5.960464477539063e-08,0.09579667644183776
2.9802322387695312e-08,0.0948191593352884
0.0,0.09384164222873903
5.551115123125783e-17,0.09286412512218967
2.9802322443206464e-08,0.0918866080156403
0.0,0.09090909090909094
5.960464477539063e-08,0.08993157380254158
5.960464483090178e-08,0.08895405669599221
5.960464477539063e-08,0.08797653958944285
2.9802322387695312e-08,0.08699902248289348
5.960464483090178e-08,0.08602150537634412
5.551115123125783e-17,0.08504398826979476
5.551115123125783e-17,0.0840664711632454
5.960464483090178e-08,0.08308895405669603
0.0,0.08211143695014667
5.551115123125783e-17,0.0811339198435973
2.9802322443206464e-08,0.08015640273704794
-5.9604644719879474e-08,0.07917888563049857
0.0,0.07820136852394921
2.9802322387695312e-08,0.07722385141739985
-2.9802322387695312e-08,0.07624633431085048
5.551115123125783e-17,0.07526881720430112
2.9802322443206464e-08,0.07429130009775176
-2.9802322387695312e-08,0.07331378299120239
0.0,0.07233626588465303
8.940696716308594e-08,0.07135874877810366
0.0,0.0703812316715543
5.960464483090178e-08,0.06940371456500494
2.9802322387695312e-08,0.06842619745845557
5.960464477539063e-08,0.06744868035190621
5.960464483090178e-08,0.06647116324535685
5.960464477539063e-08,0.06549364613880748
8.940696716308594e-08,0.06451612903225812
5.960464477539063e-08,0.06353861192570875
5.960464477539063e-08,0.06256109481915939
5.960464477539063e-08,0.061583577712609916
1.1920928955078125e-07,0.06060606060606055
5.960464483090178e-08,0.05962854349951119
8.940696721859709e-08,0.058651026392961825
8.940696721859709e-08,0.05767350928641246
5.960464477539063e-08,0.0566959921798631
8.940696716308594e-08,0.055718475073313734
8.940696716308594e-08,0.05474095796676437
8.940696716308594e-08,0.053763440860215006
8.940696721859709e-08,0.05278592375366564
1.192092896062924e-07,0.05180840664711628
5.960464477539063e-08,0.050830889540566915
8.940696721859709e-08,0.04985337243401755
1.7881393438168303e-07,0.04887585532746819
1.1920928955078125e-07,0.047898338220918824
5.960464483090178e-08,0.04692082111436946
5.960464483090178e-08,0.045943304007820096
8.940696716308594e-08,0.04496578690127073
1.1920928955078125e-07,0.04398826979472137
8.940696721859709e-08,0.043010752688172005
1.1920928955078125e-07,0.04203323558162264
5.960464477539063e-08,0.04105571847507328
1.7881393432617188e-07,0.040078201368523914
8.940696716308594e-08,0.03910068426197455
5.960464477539063e-08,0.038123167155425186
8.940696716308594e-08,0.03714565004887582
8.940696721859709e-08,0.03616813294232646
8.940696721859709e-08,0.035190615835777095
2.9802322387695312e-08,0.03421309872922773
5.960464477539063e-08,0.03323558162267837
5.960464483090178e-08,0.032258064516129004
5.960464483090178e-08,0.03128054740957964
5.960464483090178e-08,0.030303030303030276
8.940696716308594e-08,0.029325513196480912
5.960464477539063e-08,0.02834799608993155
2.9802322443206464e-08,0.027370478983382185
0.0,0.02639296187683282
5.551115123125783e-17,0.025415444770283457
2.9802322387695312e-08,0.024437927663734094
5.960464483090178e-08,0.02346041055718473
0.0,0.022482893450635366
0.0,0.021505376344086002
8.940696721859709e-08,0.02052785923753664
5.960464483090178e-08,0.019550342130987275
1.192092896062924e-07,0.01857282502443791
1.192092896062924e-07,0.017595307917888547
8.940696721859709e-08,0.016617790811339184
1.4901161193847656e-07,0.01564027370478982
1.4901161199398771e-07,0.014662756598240456
2.980232238769531e-07,0.013685239491691092
2.980232238769531e-07,0.012707722385141729
3.278255463201596e-07,0.011730205278592365
3.8743019104003906e-07,0.010752688172043001
4.4703483587094084e-07,0.009775171065493637
5.066394806463315e-07,0.008797653958944274
5.662441253662109e-07,0.00782013685239491
7.45058059747894e-07,0.006842619745845546
7.748603820800781e-07,0.0058651026392961825
8.940696716863705e-07,0.004887585532746819
1.0728836060125424e-06,0.003910068426197455
1.1622905731756283e-06,0.0029325513196480912
1.4007091522216797e-06,0.0019550342130987275
1.4901161193847656e-06,0.0009775171065493637
1.7285346984863281e-06,0.0
