0,1,2,3,4,5,6,7,8,9,10
1.0,1.0,-0.05169504135847092,-0.37249845266342163,-0.030604660511016846,0.07126123458147049,0.06412547081708908,0.11587192118167877,0.33120155334472656,0.3242742419242859,0.09307815134525299
1.0,0.9473684210526316,-0.051430780440568924,-0.3717275857925415,-0.0306365005671978,0.06947056949138641,0.06561844050884247,0.1156497448682785,0.3315266966819763,0.32425397634506226,0.09189478307962418
1.0,0.8947368421052632,-0.05116666853427887,-0.3709566295146942,-0.03066840209066868,0.06767988204956055,0.06711144000291824,0.11542756110429764,0.3318517506122589,0.32423362135887146,0.09071123600006104
1.0,0.8421052631578947,-0.0509023442864418,-0.3701859712600708,-0.030700210481882095,0.06588936597108841,0.0686044692993164,0.11520538479089737,0.33217689394950867,0.32421326637268066,0.08952798694372177
1.0,0.7894736842105263,-0.050638116896152496,-0.3694152534008026,-0.030732061713933945,0.06409880518913269,0.07009751349687576,0.11498318612575531,0.3325020372867584,0.32419291138648987,0.08834460377693176
1.0,0.736842105263158,-0.05037388950586319,-0.3686445951461792,-0.030763916671276093,0.06230832636356354,0.07159055769443512,0.11476089805364609,0.3328271508216858,0.3241725564002991,0.08716133236885071
1.0,0.6842105263157895,-0.05010969564318657,-0.36787405610084534,-0.030795766040682793,0.06051787734031677,0.07308363169431686,0.11453866213560104,0.3331522047519684,0.3241521418094635,0.08597808331251144
1.0,0.631578947368421,-0.04984540119767189,-0.367103636264801,-0.030827589333057404,0.058727480471134186,0.0745767280459404,0.11431634426116943,0.3334773778915405,0.3241317868232727,0.08479496836662292
1.0,0.5789473684210527,-0.04958125948905945,-0.3663334250450134,-0.030859483405947685,0.0569370836019516,0.07606979459524155,0.11409399658441544,0.3338024318218231,0.3241114318370819,0.08361194282770157
1.0,0.5263157894736843,-0.04931705445051193,-0.36556318402290344,-0.030891338363289833,0.05514673888683319,0.07756289839744568,0.11387167125940323,0.3341275751590729,0.3240910768508911,0.08242888003587723
1.0,0.4736842105263158,-0.049052849411964417,-0.364793062210083,-0.03092319704592228,0.05335645377635956,0.0790560245513916,0.11364930868148804,0.33445262908935547,0.32407069206237793,0.08124588429927826
1.0,0.42105263157894735,-0.0487886518239975,-0.3640231490135193,-0.030955053865909576,0.05156620219349861,0.08054917305707932,0.11342690885066986,0.3347777724266052,0.32405027747154236,0.08006304502487183
1.0,0.368421052631579,-0.04852447286248207,-0.3632534146308899,-0.030986903235316277,0.04977603256702423,0.08204233646392822,0.1132044792175293,0.3351028859615326,0.32402998208999634,0.07888027280569077
1.0,0.3157894736842106,-0.04826027899980545,-0.3624837100505829,-0.03101877123117447,0.04798585921525955,0.08353551477193832,0.11298203468322754,0.3354279696941376,0.32400962710380554,0.07769759744405746
1.0,0.26315789473684215,-0.04799611121416092,-0.3617139458656311,-0.031050629913806915,0.04619571939110756,0.08502870798110962,0.11275957524776459,0.33575302362442017,0.32398924231529236,0.0765148252248764
1.0,0.21052631578947367,-0.047731902450323105,-0.3609444200992584,-0.03108249604701996,0.04440560191869736,0.0865219458937645,0.11253707110881805,0.3360781669616699,0.32396888732910156,0.07533221691846848
1.0,0.1578947368421053,-0.04746771603822708,-0.36017492413520813,-0.031114360317587852,0.04261549562215805,0.08801518380641937,0.11231457442045212,0.3364032804965973,0.3239485025405884,0.07414958626031876
1.0,0.10526315789473695,-0.04720352962613106,-0.3594055771827698,-0.031146220862865448,0.04082547128200531,0.08950846642255783,0.11209207773208618,0.3367283046245575,0.3239281177520752,0.07296709716320038
1.0,0.052631578947368474,-0.04693932458758354,-0.3586363196372986,-0.031178085133433342,0.039035454392433167,0.0910017341375351,0.11186951398849487,0.33705341815948486,0.3239078223705292,0.07178463786840439
1.0,0.0,-0.046675167977809906,-0.35786712169647217,-0.031209956854581833,0.037245459854602814,0.09249505400657654,0.11164695024490356,0.33737850189208984,0.3238874077796936,0.070602186024189
0.9578947368421052,1.0,-0.051978036761283875,-0.36988765001296997,-0.03062002919614315,0.07258917391300201,0.06327860057353973,0.11620611697435379,0.3304128348827362,0.32423263788223267,0.09258796274662018
0.9578947368421052,0.9473684210526316,-0.051703572273254395,-0.3690918982028961,-0.030653221532702446,0.07072563469409943,0.06483221054077148,0.11597265303134918,0.3307509422302246,0.3242126703262329,0.0913628563284874
0.9578947368421052,0.8947368421052632,-0.05142909288406372,-0.3682959973812103,-0.030686412006616592,0.06886211037635803,0.06638588011264801,0.11573921889066696,0.3310890197753906,0.3241925537586212,0.09013760834932327
0.9578947368421052,0.8421052631578947,-0.05115466192364693,-0.3675002157688141,-0.030719613656401634,0.0669986829161644,0.06793954223394394,0.11550578474998474,0.33142706751823425,0.3241724371910095,0.08891245722770691
0.9578947368421052,0.7894736842105263,-0.050880204886198044,-0.3667045831680298,-0.030752815306186676,0.06513527035713196,0.06949322670698166,0.11527225375175476,0.33176514506340027,0.3241523206233978,0.0876874104142189
0.9578947368421052,0.736842105263158,-0.05060575157403946,-0.3659089505672455,-0.03078601323068142,0.0632718950510025,0.07104691118001938,0.11503873765468597,0.3321031928062439,0.3241322338581085,0.08646239340305328
0.9578947368421052,0.6842105263157895,-0.05033133178949356,-0.36511361598968506,-0.03081919252872467,0.06140861287713051,0.07260061800479889,0.114805206656456,0.3324413299560547,0.3241121470928192,0.08523744344711304
0.9578947368421052,0.631578947368421,-0.05005686730146408,-0.36431822180747986,-0.030852392315864563,0.05954534187912941,0.07415436953306198,0.11457160115242004,0.3327793776988983,0.32409200072288513,0.08401254564523697
0.9578947368421052,0.5789473684210527,-0.049782462418079376,-0.36352312564849854,-0.0308856014162302,0.05768217891454697,0.07570809125900269,0.11433801800012589,0.33311736583709717,0.3240719437599182,0.08278783410787582
0.9578947368421052,0.5263157894736843,-0.04950800538063049,-0.3627280592918396,-0.030918793752789497,0.05581900104880333,0.07726186513900757,0.11410434544086456,0.33345550298690796,0.32405179738998413,0.0815630704164505
0.9578947368421052,0.4736842105263158,-0.04923360422253609,-0.36193302273750305,-0.03095201961696148,0.053955867886543274,0.07881567627191544,0.11387068778276443,0.3337935209274292,0.32403168082237244,0.08033841103315353
0.9578947368421052,0.42105263157894735,-0.04895917326211929,-0.36113810539245605,-0.030985208228230476,0.0520927831530571,0.08036945760250092,0.11363697052001953,0.3341315686702728,0.32401159405708313,0.07911381125450134
0.9578947368421052,0.368421052631579,-0.04868476092815399,-0.36034342646598816,-0.031018409878015518,0.050229765474796295,0.08192328363656998,0.11340325325727463,0.33446964621543884,0.3239915072917938,0.07788928598165512
0.9578947368421052,0.3157894736842106,-0.0484103299677372,-0.35954877734184265,-0.031051617115736008,0.04836677387356758,0.08347714692354202,0.11316949874162674,0.33480769395828247,0.3239714205265045,0.07666481286287308
0.9578947368421052,0.26315789473684215,-0.04813592508435249,-0.35875415802001953,-0.0310848206281662,0.046503812074661255,0.08503102511167526,0.11293573677539825,0.3351457118988037,0.32395124435424805,0.07544035464525223
0.9578947368421052,0.21052631578947367,-0.047861531376838684,-0.3579600155353546,-0.031118035316467285,0.04464093595743179,0.0865849107503891,0.11270195990800858,0.33548375964164734,0.32393115758895874,0.07421620935201645
0.9578947368421052,0.1578947368421053,-0.047587111592292786,-0.357165664434433,-0.03115123137831688,0.04277805984020233,0.08813880383968353,0.11246810853481293,0.33582183718681335,0.32391104102134705,0.07299189269542694
0.9578947368421052,0.10526315789473695,-0.04731271043419838,-0.3563714027404785,-0.031184446066617966,0.04091522470116615,0.08969277888536453,0.11223426461219788,0.3361598253250122,0.3238909840583801,0.0717676505446434
0.9578947368421052,0.052631578947368474,-0.04703831672668457,-0.3555772602558136,-0.031217657029628754,0.03905240073800087,0.09124673902988434,0.11200041323900223,0.3364979028701782,0.32387080788612366,0.07054346054792404
0.9578947368421052,0.0,-0.04676390066742897,-0.35478347539901733,-0.03125086799263954,0.037189632654190063,0.09280072152614594,0.11176656931638718,0.33683592081069946,0.3238507807254791,0.06931948661804199
0.9157894736842105,1.0,-0.05228474736213684,-0.36707398295402527,-0.030637158080935478,0.07403382658958435,0.06235552579164505,0.1165701225399971,0.32955700159072876,0.3241850733757019,0.09207239001989365
0.9157894736842105,0.9473684210526316,-0.05199921131134033,-0.3662518858909607,-0.030671801418066025,0.07209120690822601,0.06397490948438644,0.11632423102855682,0.32990923523902893,0.3241655230522156,0.0908026248216629
0.9157894736842105,0.8947368421052632,-0.05171370506286621,-0.3654291331768036,-0.030706455931067467,0.07014860212802887,0.0655943751335144,0.11607837677001953,0.3302612900733948,0.32414576411247253,0.08953246474266052
0.9157894736842105,0.8421052631578947,-0.05142819881439209,-0.3646068274974823,-0.030741102993488312,0.0682060569524765,0.06721384823322296,0.11583252251148224,0.3306134045124054,0.32412606477737427,0.08826254308223724
0.9157894736842105,0.7894736842105263,-0.05114267021417618,-0.36378446221351624,-0.030775757506489754,0.06626362353563309,0.06883334368467331,0.11558658629655838,0.33096548914909363,0.3241063356399536,0.08699257671833038
0.9157894736842105,0.736842105263158,-0.050857216119766235,-0.3629625141620636,-0.030810415744781494,0.06432121992111206,0.07045282423496246,0.11534063518047333,0.33131760358810425,0.32408660650253296,0.08572287857532501
0.9157894736842105,0.6842105263157895,-0.050571732223033905,-0.3621405065059662,-0.030845068395137787,0.062378883361816406,0.072072334587574,0.11509466171264648,0.3316696882247925,0.3240668773651123,0.08445316553115845
0.9157894736842105,0.631578947368421,-0.05028624087572098,-0.36131858825683594,-0.03087971732020378,0.06043657287955284,0.07369187474250793,0.11484862864017487,0.3320218026638031,0.32404714822769165,0.08318346738815308
0.9157894736842105,0.5789473684210527,-0.05000076815485954,-0.3604968190193176,-0.030914371833205223,0.05849432200193405,0.07531141489744186,0.11460259556770325,0.33237385749816895,0.3240274488925934,0.08191388845443726
0.9157894736842105,0.5263157894736843,-0.04971528798341751,-0.3596752882003784,-0.030949031934142113,0.05655214563012123,0.07693100720643997,0.11435650289058685,0.33272597193717957,0.32400771975517273,0.08064441382884979
0.9157894736842105,0.4736842105263158,-0.049429818987846375,-0.35885360836982727,-0.030983686447143555,0.05460997670888901,0.07855060696601868,0.11411041021347046,0.333077996969223,0.3239879310131073,0.07937490940093994
0.9157894736842105,0.42105263157894735,-0.049144383519887924,-0.35803234577178955,-0.031018363311886787,0.05266790837049484,0.08017022907733917,0.11386425048112869,0.33343011140823364,0.32396820187568665,0.0781056210398674
0.9157894736842105,0.368421052631579,-0.048858895897865295,-0.3572111129760742,-0.03105301782488823,0.050725895911455154,0.08178986608982086,0.11361803114414215,0.3337821960449219,0.3239485025405884,0.07683634012937546
0.9157894736842105,0.3157894736842106,-0.048573438078165054,-0.356390118598938,-0.03108767420053482,0.04878389835357666,0.08340952545404434,0.11337187141180038,0.3341342806816101,0.3239287734031677,0.07556720823049545
0.9157894736842105,0.26315789473684215,-0.04828799515962601,-0.35556912422180176,-0.03112233802676201,0.04684194549918175,0.08502921462059021,0.11312565952539444,0.33448636531829834,0.32390904426574707,0.07429808378219604
0.9157894736842105,0.21052631578947367,-0.04800252988934517,-0.3547482490539551,-0.031156999990344048,0.044900067150592804,0.08664894104003906,0.11287936568260193,0.3348384201526642,0.32388928532600403,0.07302899658679962
0.9157894736842105,0.1578947368421053,-0.04771708697080612,-0.3539275825023651,-0.031191663816571236,0.04295816272497177,0.0882686972618103,0.1126331239938736,0.3351905047893524,0.32386958599090576,0.07176002860069275
0.9157894736842105,0.10526315789473695,-0.047431621700525284,-0.35310688614845276,-0.031226329505443573,0.041016366332769394,0.08988846838474274,0.1123867854475975,0.33554255962371826,0.3238498270511627,0.07049109041690826
0.9157894736842105,0.052631578947368474,-0.04714619368314743,-0.3522864878177643,-0.03126100078225136,0.03907455876469612,0.09150826185941696,0.1121404841542244,0.3358946144580841,0.32383012771606445,0.06922230869531631
0.9157894736842105,0.0,-0.04686075448989868,-0.3514661192893982,-0.03129567205905914,0.03713279962539673,0.09312812238931656,0.1118941381573677,0.33624669909477234,0.3238103687763214,0.06795351207256317
0.8736842105263158,1.0,-0.05261819809675217,-0.3640329837799072,-0.030656317248940468,0.07561124116182327,0.061345551162958145,0.11696803569793701,0.32862523198127747,0.32413044571876526,0.09153014421463013
0.8736842105263158,0.9473684210526316,-0.052320726215839386,-0.3631822466850281,-0.03069254942238331,0.0735824927687645,0.06303659081459045,0.11670847237110138,0.32899266481399536,0.32411137223243713,0.09021199494600296
0.8736842105263158,0.8947368421052632,-0.05202323943376541,-0.362331360578537,-0.030728787183761597,0.07155381143093109,0.06472767144441605,0.11644887924194336,0.3293600082397461,0.32409220933914185,0.08889379352331161
0.8736842105263158,0.8421052631578947,-0.05172574892640114,-0.3614805340766907,-0.03076501376926899,0.06952517479658127,0.06641877442598343,0.11618923395872116,0.3297273814678192,0.32407301664352417,0.08757558465003967
0.8736842105263158,0.7894736842105263,-0.05142829567193985,-0.3606298565864563,-0.03080124408006668,0.0674966424703598,0.0681098997592926,0.11592961102724075,0.33009466528892517,0.3240537941455841,0.0862574502825737
0.8736842105263158,0.736842105263158,-0.05113082751631737,-0.3597794771194458,-0.03083747997879982,0.06546815484762192,0.06980103999376297,0.11566991358995438,0.3304620385169983,0.3240346312522888,0.08493952453136444
0.8736842105263158,0.6842105263157895,-0.05083337053656578,-0.35892918705940247,-0.03087371587753296,0.0634397566318512,0.07149218022823334,0.11541014909744263,0.330829381942749,0.32401540875434875,0.08362165838479996
0.8736842105263158,0.631578947368421,-0.050535932183265686,-0.3580789268016815,-0.030909953638911247,0.06141139194369316,0.07318335771560669,0.11515040695667267,0.33119669556617737,0.3239961564540863,0.08230381458997726
0.8736842105263158,0.5789473684210527,-0.050238482654094696,-0.35722893476486206,-0.030946189537644386,0.05938306823372841,0.07487456500530243,0.11489059776067734,0.3315640687942505,0.3239770233631134,0.08098609745502472
0.8736842105263158,0.5263157894736843,-0.0499410443007946,-0.3563790023326874,-0.03098243474960327,0.05735482648015022,0.07656580209732056,0.11463072896003723,0.33193138241767883,0.32395777106285095,0.07966843247413635
0.8736842105263158,0.4736842105263158,-0.04964360594749451,-0.3555292785167694,-0.03101867064833641,0.05532669648528099,0.07825703173875809,0.11437086760997772,0.3322986662387848,0.3239385783672333,0.07835091650485992
0.8736842105263158,0.42105263157894735,-0.049346186220645905,-0.354679673910141,-0.031054915860295296,0.053298547863960266,0.0799483060836792,0.11411095410585403,0.3326660096645355,0.3239193856716156,0.07703343778848648
0.8736842105263158,0.368421052631579,-0.049048762768507004,-0.3538302183151245,-0.031091153621673584,0.051270492374897,0.0816396102309227,0.11385100334882736,0.33303332328796387,0.3239001929759979,0.0757160633802414
0.8736842105263158,0.3157894736842106,-0.0487513467669487,-0.35298094153404236,-0.03112740069627762,0.04924250394105911,0.08333093672990799,0.11359105259180069,0.3334006071090698,0.32388100028038025,0.07439877837896347
0.8736842105263158,0.26315789473684215,-0.0484539195895195,-0.3521316349506378,-0.031163647770881653,0.047214508056640625,0.08502231538295746,0.11333102732896805,0.33376795053482056,0.3238617479801178,0.07308145612478256
0.8736842105263158,0.21052631578947367,-0.048156507313251495,-0.35128262639045715,-0.03119989112019539,0.0451866015791893,0.08671367913484573,0.11307097971439362,0.3341352343559265,0.3238425552845001,0.07176435738801956
0.8736842105263158,0.1578947368421053,-0.04785910248756409,-0.35043370723724365,-0.03123614378273487,0.043158743530511856,0.08840511739253998,0.11281092464923859,0.33450251817703247,0.32382336258888245,0.07044728100299835
0.8736842105263158,0.10526315789473695,-0.04756169766187668,-0.3495849370956421,-0.031272392719984055,0.04113094508647919,0.09009657055139542,0.11255080252885818,0.3348698318004608,0.3238040804862976,0.06913028657436371
0.8736842105263158,0.052631578947368474,-0.04726428538560867,-0.34873637557029724,-0.03130863979458809,0.039103176444768906,0.09178806841373444,0.11229067295789719,0.33523714542388916,0.3237849175930023,0.06781339645385742
0.8736842105263158,0.0,-0.046966876834630966,-0.3478878140449524,-0.03134489059448242,0.03707544133067131,0.09347958862781525,0.11203053593635559,0.3356044590473175,0.32376569509506226,0.06649646908044815
0.8315789473684211,1.0,-0.052982065826654434,-0.3607354164123535,-0.03067786619067192,0.07734055817127228,0.06023591384291649,0.11740490049123764,0.32760682702064514,0.32406720519065857,0.09095960110425949
0.8315789473684211,0.9473684210526316,-0.05267156660556793,-0.359854519367218,-0.030715813860297203,0.07521773129701614,0.062005236744880676,0.11713001877069473,0.32799094915390015,0.32404887676239014,0.08958954364061356
0.8315789473684211,0.8947368421052632,-0.05236106365919113,-0.3589732348918915,-0.030753763392567635,0.07309488952159882,0.06377461552619934,0.11685524135828018,0.3283748924732208,0.32403039932250977,0.08821926265954971
0.8315789473684211,0.8421052631578947,-0.05205058306455612,-0.35809221863746643,-0.030791718512773514,0.07097216695547104,0.06554397940635681,0.11658035218715668,0.3287588655948639,0.324011892080307,0.08684921264648438
0.8315789473684211,0.7894736842105263,-0.05174010992050171,-0.357211172580719,-0.030829694122076035,0.06884951144456863,0.06731339544057846,0.11630544066429138,0.32914280891418457,0.323993444442749,0.08547910302877426
0.8315789473684211,0.736842105263158,-0.051429640501737595,-0.3563304841518402,-0.030867643654346466,0.0667269304394722,0.0690828263759613,0.1160305067896843,0.32952675223350525,0.32397493720054626,0.08410915732383728
0.8315789473684211,0.6842105263157895,-0.05111917108297348,-0.355449914932251,-0.03090559132397175,0.06460447609424591,0.07085226476192474,0.11575541645288467,0.3299107253551483,0.32395651936531067,0.08273933827877045
0.8315789473684211,0.631578947368421,-0.050808727741241455,-0.3545694351196289,-0.030943553894758224,0.06248202174901962,0.07262176275253296,0.11548039317131042,0.3302946984767914,0.3239379823207855,0.081369549036026
0.8315789473684211,0.5789473684210527,-0.050498269498348236,-0.35368919372558594,-0.030981523916125298,0.060359686613082886,0.07439126074314117,0.11520528793334961,0.3306785821914673,0.32391950488090515,0.07999996095895767
0.8315789473684211,0.5263157894736843,-0.05018783360719681,-0.35280901193618774,-0.031019490212202072,0.05823739990592003,0.07616079598665237,0.1149301677942276,0.33106252551078796,0.32390096783638,0.07863032817840576
0.8315789473684211,0.4736842105263158,-0.04987740516662598,-0.3519291281700134,-0.03105744533240795,0.05611519142985344,0.07793033123016357,0.11465499550104141,0.33144649863243103,0.323882520198822,0.07726091146469116
0.8315789473684211,0.42105263157894735,-0.049566954374313354,-0.3510492742061615,-0.031095420941710472,0.05399303883314133,0.07969993352890015,0.11437976360321045,0.3318304121494293,0.32386401295661926,0.07589147984981537
0.8315789473684211,0.368421052631579,-0.04925654083490372,-0.35016965866088867,-0.03113337978720665,0.05187097191810608,0.0814695656299591,0.1141045093536377,0.3322142958641052,0.3238455355167389,0.07452221214771271
0.8315789473684211,0.3157894736842106,-0.04894612357020378,-0.349290132522583,-0.031171340495347977,0.04974895343184471,0.08323922753334045,0.11382924020290375,0.3325982689857483,0.32382699847221375,0.07315292954444885
0.8315789473684211,0.26315789473684215,-0.04863569885492325,-0.3484107255935669,-0.031209317967295647,0.047626979649066925,0.08500891923904419,0.11355389654636383,0.3329821527004242,0.3238084614276886,0.07178379595279694
0.8315789473684211,0.21052631578947367,-0.04832529276609421,-0.34753161668777466,-0.03124728798866272,0.045505084097385406,0.08677864819765091,0.11327850818634033,0.3333660960197449,0.323790043592453,0.07041481137275696
0.8315789473684211,0.1578947368421053,-0.048014864325523376,-0.3466525971889496,-0.03128526359796524,0.04338321089744568,0.08854839950799942,0.11300309747457504,0.33375000953674316,0.32377147674560547,0.06904586404561996
0.8315789473684211,0.10526315789473695,-0.04770447686314583,-0.3457736670970917,-0.03132323548197746,0.04126143455505371,0.0903182104229927,0.11272769421339035,0.33413389325141907,0.3237529695034027,0.06767694652080536
0.8315789473684211,0.052631578947368474,-0.047394052147865295,-0.34489497542381287,-0.03136121481657028,0.03913964331150055,0.09208805859088898,0.11245220899581909,0.33451783657073975,0.3237345218658447,0.06630817800760269
0.8315789473684211,0.0,-0.04708363860845566,-0.3440163731575012,-0.03139917552471161,0.03701794520020485,0.09385789930820465,0.11217673122882843,0.33490172028541565,0.32371601462364197,0.0649394541978836
0.7894736842105263,1.0,-0.05338064581155777,-0.35714808106422424,-0.030702196061611176,0.07924489676952362,0.05901121348142624,0.11788669973611832,0.32648929953575134,0.3239935040473938,0.09035986661911011
0.7894736842105263,0.9473684210526316,-0.053055934607982635,-0.3562345504760742,-0.030742034316062927,0.07701867073774338,0.06086645647883415,0.11759486794471741,0.3268915116786957,0.32397615909576416,0.0889335423707962
0.7894736842105263,0.8947368421052632,-0.0527312308549881,-0.3553207516670227,-0.03078186884522438,0.0747925266623497,0.06272173672914505,0.11730296909809113,0.32729372382164,0.3239586353302002,0.08750702440738678
0.7894736842105263,0.8421052631578947,-0.05240657180547714,-0.3544072210788727,-0.030821722000837326,0.07256651669740677,0.06457705050706863,0.11701105535030365,0.3276958465576172,0.3239411413669586,0.08608070015907288
0.7894736842105263,0.7894736842105263,-0.05208192020654678,-0.3534938097000122,-0.03086155839264393,0.0703406035900116,0.06643237918615341,0.116719089448452,0.32809796929359436,0.3239235579967499,0.08465438336133957
0.7894736842105263,0.736842105263158,-0.051757246255874634,-0.35258060693740845,-0.030901389196515083,0.0681147500872612,0.06828774511814117,0.11642707884311676,0.3285001516342163,0.3239060342311859,0.0832282155752182
0.7894736842105263,0.6842105263157895,-0.051432594656944275,-0.351667582988739,-0.03094123676419258,0.06588899344205856,0.07014310359954834,0.11613495647907257,0.3289022743701935,0.32388848066329956,0.08180218935012817
0.7894736842105263,0.631578947368421,-0.05110795050859451,-0.3507547676563263,-0.030981089919805527,0.06366331875324249,0.07199855148792267,0.11584284901618958,0.32930439710617065,0.3238709270954132,0.08037623763084412
0.7894736842105263,0.5789473684210527,-0.05078331008553505,-0.3498421013355255,-0.03102092444896698,0.061437733471393585,0.07385396957397461,0.11555062979459763,0.3297065496444702,0.32385340332984924,0.07895039021968842
0.7894736842105263,0.5263157894736843,-0.05045869201421738,-0.34892958402633667,-0.03106077015399933,0.059212252497673035,0.07570943236351013,0.11525842547416687,0.330108642578125,0.3238358199596405,0.07752463221549988
0.7894736842105263,0.4736842105263158,-0.05013406276702881,-0.3480173349380493,-0.03110061213374138,0.05698685348033905,0.07756493985652924,0.11496608704328537,0.33051079511642456,0.3238183259963989,0.07609902322292328
0.7894736842105263,0.42105263157894735,-0.049809444695711136,-0.3471051752567291,-0.031140457838773727,0.054761502891778946,0.07942049950361252,0.11467379331588745,0.33091288805007935,0.3238007724285126,0.07467339932918549
0.7894736842105263,0.368421052631579,-0.04948484152555466,-0.3461931347846985,-0.03118031658232212,0.052536219358444214,0.08127608150243759,0.11438144743442535,0.33131495118141174,0.32378318905830383,0.07324793934822083
0.7894736842105263,0.3157894736842106,-0.04916023835539818,-0.3452814519405365,-0.03122016414999962,0.050311021506786346,0.08313169330358505,0.11408901959657669,0.3317170739173889,0.32376566529273987,0.0718226209282875
0.7894736842105263,0.26315789473684215,-0.0488356351852417,-0.3443698585033417,-0.03126002475619316,0.04808587580919266,0.0849873423576355,0.11379654705524445,0.3321192264556885,0.32374805212020874,0.07039739191532135
0.7894736842105263,0.21052631578947367,-0.04851103201508522,-0.343458354473114,-0.03129986673593521,0.045860785990953445,0.08684306591749191,0.11350405216217041,0.3325212597846985,0.32373055815696716,0.0689721554517746
0.7894736842105263,0.1578947368421053,-0.048186469823122025,-0.34254708886146545,-0.03133971989154816,0.04363579303026199,0.08869880437850952,0.11321161687374115,0.3329233229160309,0.32371291518211365,0.06754706054925919
0.7894736842105263,0.10526315789473695,-0.047861866652965546,-0.341636061668396,-0.031379584223032,0.04141087457537651,0.09055457264184952,0.11291898787021637,0.33332541584968567,0.3236953914165497,0.0661221370100975
0.7894736842105263,0.052631578947368474,-0.047537289559841156,-0.3407251536846161,-0.03141943737864494,0.039185959845781326,0.09241040050983429,0.11262638866901398,0.33372756838798523,0.32367780804634094,0.06469724327325821
0.7894736842105263,0.0,-0.04721270501613617,-0.33981436491012573,-0.031459301710128784,0.03696110472083092,0.09426625818014145,0.11233377456665039,0.33412960171699524,0.3236602246761322,0.06327244639396667
0.7473684210526316,1.0,-0.053819045424461365,-0.3532302677631378,-0.030729839578270912,0.08135199546813965,0.057652801275253296,0.11842086911201477,0.32525721192359924,0.3239070177078247,0.08972979336977005
0.7473684210526316,0.9473684210526316,-0.05347879230976105,-0.35228198766708374,-0.030771732330322266,0.07901185750961304,0.05960274115204811,0.11810983717441559,0.3256795406341553,0.3238908648490906,0.08824250102043152
0.7473684210526316,0.8947368421052632,-0.05313856154680252,-0.3513334095478058,-0.030813641846179962,0.07667182385921478,0.061552755534648895,0.11779879033565521,0.326101690530777,0.3238745927810669,0.08675500750541687
0.7473684210526316,0.8421052631578947,-0.052798349410295486,-0.3503848612308502,-0.030855536460876465,0.07433187961578369,0.06350282579660416,0.11748774349689484,0.3265238106250763,0.3238583207130432,0.08526746928691864
0.7473684210526316,0.7894736842105263,-0.05245814099907875,-0.3494367301464081,-0.030897455289959908,0.07199206948280334,0.06545285880565643,0.11717656254768372,0.326945960521698,0.3238420784473419,0.08378028869628906
0.7473684210526316,0.736842105263158,-0.05211794376373291,-0.3484886884689331,-0.030939359217882156,0.06965234875679016,0.06740294396877289,0.1168653815984726,0.3273681104183197,0.3238257169723511,0.0822930634021759
0.7473684210526316,0.6842105263157895,-0.051777757704257965,-0.3475409746170044,-0.030981265008449554,0.06731275469064713,0.06935306638479233,0.1165541335940361,0.32779020071029663,0.3238094747066498,0.08080606907606125
0.7473684210526316,0.631578947368421,-0.05143760144710541,-0.34659329056739807,-0.03102317824959755,0.06497324258089066,0.07130322605371475,0.11624281108379364,0.32821229100227356,0.3237931728363037,0.07931910455226898
0.7473684210526316,0.5789473684210527,-0.05109741538763046,-0.3456459641456604,-0.031065072864294052,0.06263385713100433,0.07325340062379837,0.11593138426542282,0.32863444089889526,0.32377684116363525,0.07783229649066925
0.7473684210526316,0.5263157894736843,-0.0507572777569294,-0.3446986973285675,-0.031106989830732346,0.06029457226395607,0.07520367205142975,0.1156199723482132,0.3290565311908722,0.3237605094909668,0.0763455182313919
0.7473684210526316,0.4736842105263158,-0.05041711404919624,-0.3437517583370209,-0.031148893758654594,0.05795532464981079,0.07715389877557755,0.115308478474617,0.3294786512851715,0.3237442076206207,0.07485896348953247
0.7473684210526316,0.42105263157894735,-0.050076983869075775,-0.3428049385547638,-0.03119080886244774,0.05561619624495506,0.0791042149066925,0.11499694734811783,0.32990071177482605,0.32372793555259705,0.07337245345115662
0.7473684210526316,0.368421052631579,-0.04973682761192322,-0.3418584167957306,-0.031232720240950584,0.0532771535217762,0.08105454593896866,0.1146852970123291,0.33032283186912537,0.32371166348457336,0.07188613712787628
0.7473684210526316,0.3157894736842106,-0.049396708607673645,-0.34091201424598694,-0.03127463534474373,0.0509382002055645,0.08300495147705078,0.11437366902828217,0.3307449221611023,0.32369527220726013,0.07039984315633774
0.7473684210526316,0.26315789473684215,-0.04905657842755318,-0.3399657607078552,-0.03131655231118202,0.04859932139515877,0.08495538681745529,0.11406195908784866,0.33116698265075684,0.3236789405345917,0.06891364604234695
0.7473684210526316,0.21052631578947367,-0.0487164631485939,-0.339019775390625,-0.031358473002910614,0.0462605245411396,0.08690587431192398,0.11375021934509277,0.33158907294273376,0.323662668466568,0.06742759793996811
0.7473684210526316,0.1578947368421053,-0.04837634414434433,-0.3380739688873291,-0.03140038996934891,0.04392177611589432,0.08885640650987625,0.11343840509653091,0.3320111632347107,0.32364627718925476,0.06594163924455643
0.7473684210526316,0.10526315789473695,-0.048036232590675354,-0.33712834119796753,-0.0314423143863678,0.0415830984711647,0.0908069908618927,0.11312660574913025,0.33243319392204285,0.3236299753189087,0.06445576995611191
0.7473684210526316,0.052631578947368474,-0.047696128487586975,-0.3361828923225403,-0.03148423507809639,0.039244506508111954,0.09275762736797333,0.11281470954418182,0.3328552842140198,0.32361358404159546,0.06296999752521515
0.7473684210526316,0.0,-0.047356024384498596,-0.335237592458725,-0.03152615576982498,0.03690598905086517,0.09470835328102112,0.11250278353691101,0.33327731490135193,0.3235972225666046,0.06148424744606018
0.7052631578947368,1.0,-0.05430350825190544,-0.348934531211853,-0.03076140396296978,0.08369617909193039,0.056137703359127045,0.11901633441448212,0.3238922953605652,0.32380443811416626,0.08906913548707962
0.7052631578947368,0.9473684210526316,-0.05394615978002548,-0.3479487895965576,-0.030805565416812897,0.08122974634170532,0.05819261819124222,0.11868366599082947,0.3243366777896881,0.323790043592453,0.08751535415649414
0.7052631578947368,0.8947368421052632,-0.053588833659887314,-0.34696269035339355,-0.030849747359752655,0.0787634328007698,0.06024761125445366,0.11835100501775742,0.3247809410095215,0.32377535104751587,0.08596134185791016
0.7052631578947368,0.8421052631578947,-0.05323153734207153,-0.3459767699241638,-0.030893933027982712,0.07629723846912384,0.062302615493535995,0.1180182695388794,0.3252251446247101,0.3237606883049011,0.08440745621919632
0.7052631578947368,0.7894736842105263,-0.05287425220012665,-0.3449910879135132,-0.030938098207116127,0.0738312155008316,0.06435763090848923,0.11768543720245361,0.3256693482398987,0.32374605536460876,0.08285368978977203
0.7052631578947368,0.736842105263158,-0.05251696705818176,-0.34400564432144165,-0.030982280150055885,0.07136528193950653,0.06641269475221634,0.11735256761312485,0.32611358165740967,0.32373136281967163,0.08130007982254028
0.7052631578947368,0.6842105263157895,-0.052159711718559265,-0.3430205285549164,-0.03102646768093109,0.06889951229095459,0.06846780329942703,0.11701957881450653,0.3265577554702759,0.3237167298793793,0.07974664866924286
0.7052631578947368,0.631578947368421,-0.05180245637893677,-0.34203559160232544,-0.031070640310645103,0.0664338767528534,0.07052294909954071,0.11668653786182404,0.3270019590854645,0.32370200753211975,0.07819332927465439
0.7052631578947368,0.5789473684210527,-0.051445215940475464,-0.3410508632659912,-0.031114820390939713,0.06396830826997757,0.07257814705371857,0.11635343730449677,0.3274461627006531,0.3236873745918274,0.0766400620341301
0.7052631578947368,0.5263157894736843,-0.05108797550201416,-0.3400663435459137,-0.031158991158008575,0.061502885073423386,0.07463335245847702,0.11602024734020233,0.3278903067111969,0.32367265224456787,0.07508698105812073
0.7052631578947368,0.4736842105263158,-0.05073074623942375,-0.33908209204673767,-0.031203173100948334,0.05903753265738487,0.07668863981962204,0.11568703502416611,0.3283344507217407,0.3236580193042755,0.07353400439023972
0.7052631578947368,0.42105263157894735,-0.05037352442741394,-0.33809807896614075,-0.031247355043888092,0.05657234787940979,0.07874393463134766,0.11535371840000153,0.32877862453460693,0.3236432373523712,0.07198119163513184
0.7052631578947368,0.368421052631579,-0.05001632496714592,-0.33711424469947815,-0.03129153698682785,0.05410721153020859,0.08079932630062103,0.11502037197351456,0.32922273874282837,0.32362857460975647,0.07042842358350754
0.7052631578947368,0.3157894736842106,-0.0496591180562973,-0.33613064885139465,-0.03133571892976761,0.05164218321442604,0.0828547328710556,0.11468693614006042,0.3296669125556946,0.32361385226249695,0.06887582689523697
0.7052631578947368,0.26315789473684215,-0.04930192977190018,-0.33514729142189026,-0.03137990087270737,0.049177270382642746,0.08491020649671555,0.1143534705042839,0.3301110863685608,0.3235991597175598,0.06732331216335297
0.7052631578947368,0.21052631578947367,-0.04894473776221275,-0.3341641128063202,-0.03142409771680832,0.04671243205666542,0.08696574717760086,0.11401992291212082,0.3305552303791046,0.3235843777656555,0.0657709389925003
0.7052631578947368,0.1578947368421053,-0.04858756810426712,-0.33318114280700684,-0.031468283385038376,0.044247690588235855,0.08902131021022797,0.11368638277053833,0.3309992551803589,0.3235696852207184,0.064218670129776
0.7052631578947368,0.10526315789473695,-0.048230383545160294,-0.33219844102859497,-0.03151247650384903,0.04178299754858017,0.09107697010040283,0.11335274577140808,0.3314434289932251,0.3235549330711365,0.06266649067401886
0.7052631578947368,0.052631578947368474,-0.04787321388721466,-0.33121591806411743,-0.031556665897369385,0.039318379014730453,0.09313271194696426,0.11301911622285843,0.33188754320144653,0.3235401511192322,0.06111439689993858
0.7052631578947368,0.0,-0.047516025602817535,-0.3302335739135742,-0.03160086274147034,0.03685383498668671,0.09518849104642868,0.11268534511327744,0.33233168721199036,0.32352545857429504,0.05956241115927696
0.6631578947368422,1.0,-0.054841548204422,-0.34420332312583923,-0.030797695741057396,0.08631966263055801,0.054437488317489624,0.11968439072370529,0.32237184047698975,0.3236817717552185,0.08837820589542389
0.6631578947368422,0.9473684210526316,-0.05446532741189003,-0.34317710995674133,-0.03084435500204563,0.08371248841285706,0.056609392166137695,0.11932706832885742,0.32284072041511536,0.3236694931983948,0.08675172179937363
0.6631578947368422,0.8947368421052632,-0.054089128971099854,-0.34215059876441956,-0.030891047790646553,0.08110541850328445,0.05878134071826935,0.11896979063749313,0.32330945134162903,0.32365697622299194,0.08512502908706665
0.6631578947368422,0.8421052631578947,-0.05371294915676117,-0.34112438559532166,-0.03093773126602173,0.07849851995706558,0.060953304171562195,0.1186123639345169,0.3237782120704651,0.3236444294452667,0.08349856734275818
0.6631578947368422,0.7894736842105263,-0.05333678424358368,-0.34009838104248047,-0.030984418466687202,0.07589178532361984,0.06312531977891922,0.11825485527515411,0.32424694299697876,0.3236318826675415,0.0818721354007721
0.6631578947368422,0.736842105263158,-0.05296064540743828,-0.33907264471054077,-0.031031103804707527,0.07328522950410843,0.06529738008975983,0.11789724230766296,0.32471564412117004,0.3236193060874939,0.08024590462446213
0.6631578947368422,0.6842105263157895,-0.05258451774716377,-0.33804717659950256,-0.031077785417437553,0.07067883014678955,0.06746946275234222,0.11753953993320465,0.32518431544303894,0.3236067593097687,0.07861985266208649
0.6631578947368422,0.631578947368421,-0.05220840871334076,-0.33702197670936584,-0.031124476343393326,0.06807252764701843,0.06964161992073059,0.11718182265758514,0.32565298676490784,0.32359418272972107,0.0769938975572586
0.6631578947368422,0.5789473684210527,-0.051832281053066254,-0.3359971046447754,-0.031171148642897606,0.06546638906002045,0.07181378453969955,0.1168239489197731,0.3261217176914215,0.32358166575431824,0.07536812126636505
0.6631578947368422,0.5263157894736843,-0.051456183195114136,-0.33497244119644165,-0.03121783584356308,0.0628604143857956,0.07398601621389389,0.11646603792905807,0.32659032940864563,0.32356908917427063,0.07374247908592224
0.6631578947368422,0.4736842105263158,-0.051080122590065,-0.33394795656204224,-0.031264521181583405,0.0602545402944088,0.07615832984447479,0.11610804498195648,0.32705897092819214,0.32355645298957825,0.0721169039607048
0.6631578947368422,0.42105263157894735,-0.050704047083854675,-0.33292385935783386,-0.03131121024489403,0.05764880031347275,0.07833065837621689,0.11574993282556534,0.32752761244773865,0.32354387640953064,0.07049156725406647
0.6631578947368422,0.368421052631579,-0.05032798647880554,-0.3319000005722046,-0.03135789930820465,0.055043186992406845,0.08050306141376495,0.11539182811975479,0.32799625396728516,0.32353127002716064,0.0688663125038147
0.6631578947368422,0.3157894736842106,-0.049951933324337006,-0.3308764100074768,-0.031404584646224976,0.052437715232372284,0.0826755240559578,0.1150335893034935,0.32846489548683167,0.32351869344711304,0.06724121421575546
0.6631578947368422,0.26315789473684215,-0.04957588389515877,-0.32985296845436096,-0.0314512774348259,0.049832284450531006,0.08484803140163422,0.11467529833316803,0.3289335072040558,0.32350608706474304,0.06561622023582458
0.6631578947368422,0.21052631578947367,-0.049199849367141724,-0.3288298547267914,-0.03149796277284622,0.04722699895501137,0.0870206356048584,0.11431693285703659,0.3294021487236023,0.32349342107772827,0.06399136036634445
0.6631578947368422,0.1578947368421053,-0.048823803663253784,-0.32780689001083374,-0.03154463693499565,0.044621799141168594,0.08919331431388855,0.11395855247974396,0.32987070083618164,0.3234807848930359,0.06236653029918671
0.6631578947368422,0.10526315789473695,-0.04844778776168823,-0.3267842233181,-0.03159134462475777,0.04201671853661537,0.09136606752872467,0.11360009014606476,0.33033931255340576,0.3234681189060211,0.060741886496543884
0.6631578947368422,0.052631578947368474,-0.048071760684251785,-0.3257617950439453,-0.031638044863939285,0.039411745965480804,0.09353889524936676,0.1132415384054184,0.3308078646659851,0.3234555125236511,0.059117354452610016
0.6631578947368422,0.0,-0.047695741057395935,-0.32473960518836975,-0.03168473765254021,0.03680682182312012,0.09571176767349243,0.11288295686244965,0.33127647638320923,0.32344284653663635,0.057492949068546295
0.6210526315789473,1.0,-0.05544242635369301,-0.3389665186405182,-0.0308397077023983,0.08927540481090546,0.052516475319862366,0.12043923139572144,0.32066765427589417,0.32353341579437256,0.08765856176614761
0.6210526315789473,0.9473684210526316,-0.0550452321767807,-0.3378968834877014,-0.030889160931110382,0.08651034533977509,0.05481952801346779,0.12005364149808884,0.32116392254829407,0.32352393865585327,0.08595242351293564
0.6210526315789473,0.8947368421052632,-0.05464807525277138,-0.3368266820907593,-0.03093862347304821,0.08374539017677307,0.05712264031171799,0.11966797709465027,0.3216600716114044,0.3235141634941101,0.0842459499835968
0.6210526315789473,0.8421052631578947,-0.05425095558166504,-0.33575689792633057,-0.030988086014986038,0.08098068833351135,0.05942578986287117,0.11928227543830872,0.3221561014652252,0.32350441813468933,0.08253970742225647
0.6210526315789473,0.7894736842105263,-0.0538538321852684,-0.33468735218048096,-0.031037531793117523,0.07821617275476456,0.06172899901866913,0.11889641731977463,0.3226521909236908,0.32349464297294617,0.0808335542678833
0.6210526315789473,0.736842105263158,-0.05345675349235535,-0.3336181342601776,-0.03108699433505535,0.0754518210887909,0.06403221935033798,0.11851049959659576,0.3231482207775116,0.3234848082065582,0.07912763953208923
0.6210526315789473,0.6842105263157895,-0.05305970087647438,-0.33254924416542053,-0.03113645501434803,0.07268768548965454,0.06633549928665161,0.11812441796064377,0.3236442804336548,0.3234750032424927,0.07742190361022949
0.6210526315789473,0.631578947368421,-0.052662625908851624,-0.33148062229156494,-0.031185908243060112,0.06992370635271072,0.06863884627819061,0.1177382543683052,0.3241403102874756,0.3234652280807495,0.07571627199649811
0.6210526315789473,0.5789473684210527,-0.05226558446884155,-0.3304123282432556,-0.031235365197062492,0.06715990602970123,0.0709422305226326,0.11735200881958008,0.324636310338974,0.3234553337097168,0.07401081919670105
0.6210526315789473,0.5263157894736843,-0.05186855047941208,-0.32934433221817017,-0.03128482401371002,0.06439627707004547,0.07324568927288055,0.11696562170982361,0.3251323103904724,0.323445588350296,0.07230553776025772
0.6210526315789473,0.4736842105263158,-0.05147155374288559,-0.3282765746116638,-0.0313342846930027,0.06163281947374344,0.07554920762777328,0.11657920479774475,0.32562828063964844,0.3234356939792633,0.07060039043426514
0.6210526315789473,0.42105263157894735,-0.0510745570063591,-0.3272092044353485,-0.03138372302055359,0.058869484812021255,0.07785278558731079,0.11619267612695694,0.32612425088882446,0.32342588901519775,0.0688953846693039
0.6210526315789473,0.368421052631579,-0.050677552819252014,-0.3261421024799347,-0.03143319487571716,0.05610628426074982,0.08015643060207367,0.11580603569746017,0.3266202211380005,0.32341599464416504,0.06719058752059937
0.6210526315789473,0.3157894736842106,-0.05028058588504791,-0.3250752091407776,-0.03148264437913895,0.0533432736992836,0.08246016502380371,0.11541936546564102,0.32711613178253174,0.32340607047080994,0.06548582762479782
0.6210526315789473,0.26315789473684215,-0.049883611500263214,-0.3240087032318115,-0.03153210133314133,0.05058034881949425,0.08476397395133972,0.11503255367279053,0.3276120722293854,0.323396235704422,0.06378129124641418
0.6210526315789473,0.21052631578947367,-0.04948665574193001,-0.3229423761367798,-0.031581565737724304,0.047817572951316833,0.0870678573846817,0.11464570462703705,0.328108012676239,0.3233863115310669,0.06207682937383652
0.6210526315789473,0.1578947368421053,-0.0490896999835968,-0.3218764066696167,-0.03163102641701698,0.04505492374300957,0.08937182277441025,0.11425875872373581,0.32860392332077026,0.3233764171600342,0.06037253141403198
0.6210526315789473,0.10526315789473695,-0.04869276285171509,-0.3208106756210327,-0.03168049082159996,0.04229235649108887,0.09167589247226715,0.11387178301811218,0.3290998339653015,0.3233664929866791,0.0586683563888073
0.6210526315789473,0.052631578947368474,-0.04829581454396248,-0.3197452127933502,-0.031729962676763535,0.03952988609671593,0.09398004412651062,0.1134847104549408,0.32959574460983276,0.3233565390110016,0.05696431174874306
0.6210526315789473,0.0,-0.04789888486266136,-0.3186799883842468,-0.03177943453192711,0.036767568439245224,0.09628430753946304,0.11309759318828583,0.330091655254364,0.3233465850353241,0.055260345339775085
0.5789473684210527,1.0,-0.05611753836274147,-0.33313870429992676,-0.030888747423887253,0.09263071417808533,0.05032918602228165,0.1212989091873169,0.3187444806098938,0.3233518600463867,0.08691397309303284
0.5789473684210527,0.9473684210526316,-0.05569693073630333,-0.3320218622684479,-0.030941274017095566,0.08968722820281982,0.05278036743402481,0.12088051438331604,0.3192715346813202,0.32334601879119873,0.08511989563703537
0.5789473684210527,0.8947368421052632,-0.05527641996741295,-0.3309045135974884,-0.030993809923529625,0.08674395084381104,0.05523163825273514,0.12046219408512115,0.31979838013648987,0.3233398497104645,0.08332546055316925
0.5789473684210527,0.8421052631578947,-0.05485589802265167,-0.32978755235671997,-0.031046360731124878,0.08380092680454254,0.05768292397260666,0.12004362046718597,0.32032516598701477,0.3233336806297302,0.08153129369020462
0.5789473684210527,0.7894736842105263,-0.05443541333079338,-0.3286709785461426,-0.031098894774913788,0.08085815608501434,0.06013428419828415,0.11962494254112244,0.32085198163986206,0.32332751154899597,0.07973729819059372
0.5789473684210527,0.736842105263158,-0.05401495099067688,-0.32755470275878906,-0.031151428818702698,0.07791560143232346,0.06258565187454224,0.11920617520809174,0.3213787078857422,0.3233213424682617,0.07794349640607834
0.5789473684210527,0.6842105263157895,-0.053594522178173065,-0.3264387547969818,-0.031203966587781906,0.07497330009937286,0.06503710150718689,0.1187872663140297,0.3219054639339447,0.3233151137828827,0.0761498361825943
0.5789473684210527,0.631578947368421,-0.05317409336566925,-0.3253232538700104,-0.031256500631570816,0.0720311850309372,0.06748861074447632,0.1183682233095169,0.32243219017982483,0.32330888509750366,0.07435642182826996
0.5789473684210527,0.5789473684210527,-0.05275369808077812,-0.3242080807685852,-0.03130904212594032,0.06908933073282242,0.06994020938873291,0.11794900894165039,0.32295891642570496,0.32330262660980225,0.07256315648555756
0.5789473684210527,0.5263157894736843,-0.05233330279588699,-0.3230932056903839,-0.031361568719148636,0.06614764034748077,0.07239185273647308,0.11752974987030029,0.3234856128692627,0.3232963979244232,0.07077004015445709
0.5789473684210527,0.4736842105263158,-0.05191294848918915,-0.32197868824005127,-0.03141409903764725,0.06320613622665405,0.07484355568885803,0.11711034178733826,0.32401227951049805,0.3232901096343994,0.06897714734077454
0.5789473684210527,0.42105263157894735,-0.051492586731910706,-0.3208645284175873,-0.03146662563085556,0.06026485189795494,0.07729536294937134,0.11669080704450607,0.3245389461517334,0.3232838809490204,0.06718440353870392
0.5789473684210527,0.368421052631579,-0.05107225477695465,-0.31975066661834717,-0.03151915222406387,0.05732374265789986,0.0797472596168518,0.11627119779586792,0.32506561279296875,0.3232775330543518,0.06539175659418106
0.5789473684210527,0.3157894736842106,-0.050651926547288895,-0.31863710284233093,-0.03157168999314308,0.05438278242945671,0.08219925314188004,0.11585148423910141,0.3255922198295593,0.3232712149620056,0.06359928846359253
0.5789473684210527,0.26315789473684215,-0.050231609493494034,-0.31752389669418335,-0.03162422403693199,0.0514419861137867,0.08465132862329483,0.11543167382478714,0.3261188268661499,0.3232649266719818,0.061806969344615936
0.5789473684210527,0.21052631578947367,-0.049811314791440964,-0.3164110779762268,-0.0316767580807209,0.048501357436180115,0.08710348606109619,0.11501176655292511,0.32664546370506287,0.3232586085796356,0.06001485884189606
0.5789473684210527,0.1578947368421053,-0.04939102381467819,-0.3152984380722046,-0.03172929584980011,0.04556084796786308,0.0895557701587677,0.11459183692932129,0.32717201113700867,0.32325220108032227,0.05822281911969185
0.5789473684210527,0.10526315789473695,-0.04897073283791542,-0.3141862750053406,-0.03178183361887932,0.042620494961738586,0.09200813621282578,0.11417173594236374,0.32769861817359924,0.3232458531856537,0.05643097683787346
0.5789473684210527,0.052631578947368474,-0.048550449311733246,-0.3130742907524109,-0.031834378838539124,0.03968024253845215,0.09446065127849579,0.11375156044960022,0.32822519540786743,0.32323941588401794,0.05463925004005432
0.5789473684210527,0.0,-0.04813016951084137,-0.31196263432502747,-0.03188692778348923,0.03674009442329407,0.09691328555345535,0.1133313924074173,0.3287517726421356,0.32323306798934937,0.052847594022750854
0.5368421052631579,1.0,-0.05688121169805527,-0.32661348581314087,-0.03094644285738468,0.09647220373153687,0.047816984355449677,0.12228702008724213,0.316557377576828,0.3231264352798462,0.0861511081457138
0.5368421052631579,0.9473684210526316,-0.05643435940146446,-0.3254455029964447,-0.031002424657344818,0.09332552552223206,0.050436802208423615,0.12183034420013428,0.3171192407608032,0.3231253921985626,0.08425961434841156
0.5368421052631579,0.8947368421052632,-0.055987559258937836,-0.32427701354026794,-0.03105839714407921,0.09017910808324814,0.053056735545396805,0.12137362360954285,0.31768083572387695,0.3231239914894104,0.08236777037382126
0.5368421052631579,0.8421052631578947,-0.05554080009460449,-0.3231089413166046,-0.03111436776816845,0.08703302592039108,0.05567668378353119,0.12091675400733948,0.3182424008846283,0.3231225311756134,0.08047612011432648
0.5368421052631579,0.7894736842105263,-0.05509406328201294,-0.3219413757324219,-0.03117033652961254,0.0838872641324997,0.05829668045043945,0.1204596757888794,0.31880393624305725,0.3231211006641388,0.07858476042747498
0.5368421052631579,0.736842105263158,-0.05464736372232437,-0.3207740783691406,-0.031226295977830887,0.0807417705655098,0.06091675907373428,0.12000247836112976,0.3193654417991638,0.3231196701526642,0.07669350504875183
0.5368421052631579,0.6842105263157895,-0.054200682789087296,-0.31960728764533997,-0.03128226473927498,0.07759660482406616,0.0635368674993515,0.11954504996538162,0.319926917552948,0.3231181800365448,0.07480259239673615
0.5368421052631579,0.631578947368421,-0.05375402793288231,-0.31844091415405273,-0.03133820742368698,0.07445167750120163,0.06615706533193588,0.11908750981092453,0.3204883933067322,0.3231166899204254,0.07291179895401001
0.5368421052631579,0.5789473684210527,-0.0533074215054512,-0.31727492809295654,-0.031394172459840775,0.07130703330039978,0.06877735257148743,0.1186298131942749,0.32104986906051636,0.32311517000198364,0.07102124392986298
0.5368421052631579,0.5263157894736843,-0.0528608113527298,-0.3161093294620514,-0.031450122594833374,0.06816264986991882,0.07139770686626434,0.11817198991775513,0.321611225605011,0.3231136202812195,0.06913086771965027
0.5368421052631579,0.4736842105263158,-0.05241423100233078,-0.31494414806365967,-0.03150608390569687,0.06501848250627518,0.07401816546916962,0.11771401762962341,0.3221726715564728,0.3231120705604553,0.06724068522453308
0.5368421052631579,0.42105263157894735,-0.05196766182780266,-0.3137793242931366,-0.03156203404068947,0.06187455356121063,0.07663873583078384,0.11725588142871857,0.3227340281009674,0.3231104910373688,0.06535067409276962
0.5368421052631579,0.368421052631579,-0.05152111500501633,-0.31261488795280457,-0.03161798045039177,0.05873085558414459,0.07925939559936523,0.11679766327142715,0.32329532504081726,0.32310885190963745,0.06346084177494049
0.5368421052631579,0.3157894736842106,-0.051074594259262085,-0.31145086884498596,-0.03167393058538437,0.055587366223335266,0.08188016712665558,0.1163393184542656,0.3238566815853119,0.3231072723865509,0.06157118082046509
0.5368421052631579,0.26315789473684215,-0.05062808096408844,-0.3102871775627136,-0.03172988444566727,0.052444055676460266,0.08450104296207428,0.11588085442781448,0.32441800832748413,0.3231055736541748,0.05968166142702103
0.5368421052631579,0.21052631578947367,-0.050181567668914795,-0.3091238737106323,-0.03178583085536957,0.04930093511939049,0.08712203800678253,0.11542224884033203,0.324979305267334,0.3231039047241211,0.057792335748672485
0.5368421052631579,0.1578947368421053,-0.04973508417606354,-0.30796095728874207,-0.031841788440942764,0.04615803062915802,0.08974319696426392,0.1149635761976242,0.32554054260253906,0.32310226559638977,0.05590315908193588
0.5368421052631579,0.10526315789473695,-0.04928860440850258,-0.30679836869239807,-0.03189774975180626,0.0430152527987957,0.09236444532871246,0.11450474709272385,0.3261018395423889,0.3231005370616913,0.05401414632797241
0.5368421052631579,0.052631578947368474,-0.048842135816812515,-0.3056361675262451,-0.031953711062669754,0.03987261652946472,0.09498585760593414,0.11404584348201752,0.32666313648223877,0.3230988383293152,0.05212527513504028
0.5368421052631579,0.0,-0.04839566349983215,-0.3044742941856384,-0.03200967609882355,0.03673012927174568,0.09760743379592896,0.1135868951678276,0.3272243142127991,0.3230970799922943,0.0502365306019783
0.49473684210526314,1.0,-0.05775154009461403,-0.31925734877586365,-0.03101505897939205,0.10091346502304077,0.04490281641483307,0.12343470752239227,0.31404823064804077,0.3228422701358795,0.0853816494345665
0.49473684210526314,0.9473684210526316,-0.05727498233318329,-0.3180338144302368,-0.03107486106455326,0.0975331962108612,0.04771639406681061,0.12293268740177155,0.3146497905254364,0.32284751534461975,0.08338157087564468
0.49473684210526314,0.8947368421052632,-0.056798502802848816,-0.31680983304977417,-0.031134657561779022,0.09415332973003387,0.05053006857633591,0.12243060767650604,0.31525105237960815,0.3228524327278137,0.08138114959001541
0.49473684210526314,0.8421052631578947,-0.05632208287715912,-0.31558626890182495,-0.03119445964694023,0.09077383577823639,0.05334380641579628,0.12192834913730621,0.31585222482681274,0.3228572905063629,0.07938097417354584
0.49473684210526314,0.7894736842105263,-0.055845677852630615,-0.3143633008003235,-0.03125423938035965,0.08739475905895233,0.05615758150815964,0.1214258223772049,0.31645339727401733,0.3228621482849121,0.07738110423088074
0.49473684210526314,0.736842105263158,-0.055369339883327484,-0.3131408095359802,-0.03131403028964996,0.08401603996753693,0.05897146463394165,0.12092316150665283,0.31705451011657715,0.3228669762611389,0.07538141310214996
0.49473684210526314,0.6842105263157895,-0.05489301681518555,-0.31191879510879517,-0.03137380629777908,0.08063770830631256,0.061785370111465454,0.12042021006345749,0.3176555931568146,0.32287177443504333,0.07338204979896545
0.49473684210526314,0.631578947368421,-0.05441674590110779,-0.31069719791412354,-0.0314335823059082,0.07725969702005386,0.06459939479827881,0.11991717666387558,0.3182566463947296,0.3228764832019806,0.0713828057050705
0.49473684210526314,0.5789473684210527,-0.05394049733877182,-0.3094761371612549,-0.03149334713816643,0.07388205826282501,0.06741350889205933,0.11941387504339218,0.31885766983032227,0.32288122177124023,0.06938382983207703
0.49473684210526314,0.5263157894736843,-0.05346427112817764,-0.30825552344322205,-0.03155311569571495,0.07050471007823944,0.0702277272939682,0.11891039460897446,0.31945866346359253,0.3228859603404999,0.06738507747650146
0.49473684210526314,0.4736842105263158,-0.05298807471990585,-0.3070353865623474,-0.03161287307739258,0.06712771952152252,0.07304205000400543,0.1184067502617836,0.320059597492218,0.32289060950279236,0.06538654863834381
0.49473684210526314,0.42105263157894735,-0.05251191556453705,-0.3058156669139862,-0.03167262673377991,0.0637509673833847,0.07585649937391281,0.11790294200181961,0.3206605613231659,0.32289522886276245,0.06338817626237869
0.49473684210526314,0.368421052631579,-0.052035752683877945,-0.3045964539051056,-0.031732380390167236,0.06037450581789017,0.07867107540369034,0.1173989474773407,0.321261465549469,0.32289987802505493,0.061390019953250885
0.49473684210526314,0.3157894736842106,-0.05155962333083153,-0.30337759852409363,-0.03179214522242546,0.05699831247329712,0.0814857929944992,0.11689481139183044,0.3218623697757721,0.32290443778038025,0.05939202755689621
0.49473684210526314,0.26315789473684215,-0.0510835275053978,-0.30215924978256226,-0.03185190260410309,0.053622372448444366,0.08430065959692001,0.11639055609703064,0.3224632143974304,0.32290899753570557,0.05739425867795944
0.49473684210526314,0.21052631578947367,-0.05060742422938347,-0.3009412884712219,-0.03191167116165161,0.050246670842170715,0.08711566030979156,0.1158861294388771,0.32306402921676636,0.3229134976863861,0.05539664626121521
0.49473684210526314,0.1578947368421053,-0.05013134330511093,-0.299723744392395,-0.03197143226861954,0.04687114432454109,0.08993083238601685,0.11538157612085342,0.3236648738384247,0.32291802763938904,0.05339920520782471
0.49473684210526314,0.10526315789473695,-0.049655284732580185,-0.29850664734840393,-0.03203119710087776,0.043495871126651764,0.09274618327617645,0.11487694084644318,0.32426562905311584,0.3229224383831024,0.05140190199017525
0.49473684210526314,0.052631578947368474,-0.04917921870946884,-0.2972899377346039,-0.03209096938371658,0.04012075066566467,0.09556172043085098,0.1143721491098404,0.3248664140701294,0.3229268789291382,0.04940475896000862
0.49473684210526314,0.0,-0.04870316758751869,-0.29607370495796204,-0.032150737941265106,0.036745842546224594,0.09837739914655685,0.11386725306510925,0.32546716928482056,0.32293128967285156,0.04740782082080841
0.4526315789473684,1.0,-0.05875161290168762,-0.3109002113342285,-0.031097544357180595,0.10610644519329071,0.04148343205451965,0.12478397786617279,0.31114065647125244,0.32247743010520935,0.08462508022785187
0.4526315789473684,0.9473684210526316,-0.05824127793312073,-0.3096163272857666,-0.0311615988612175,0.1024547815322876,0.044521987438201904,0.12422766536474228,0.311787873506546,0.3224911391735077,0.0825033187866211
0.4526315789473684,0.8947368421052632,-0.0577310211956501,-0.3083319664001465,-0.03122566267848015,0.09880361706018448,0.0475606732070446,0.12367123365402222,0.31243476271629333,0.3225044906139374,0.08038116246461868
0.4526315789473684,0.8421052631578947,-0.057220831513404846,-0.3070482015609741,-0.031289730221033096,0.09515295922756195,0.05059941112995148,0.12311457097530365,0.3130815327167511,0.3225177824497223,0.07825933396816254
0.4526315789473684,0.7894736842105263,-0.05671069771051407,-0.3057650327682495,-0.03135376796126366,0.091502845287323,0.05363823100924492,0.12255764752626419,0.3137282431125641,0.3225310444831848,0.07613781094551086
0.4526315789473684,0.736842105263158,-0.05620060861110687,-0.30448246002197266,-0.03141780570149422,0.08785320818424225,0.056677110493183136,0.12200038135051727,0.3143749535083771,0.32254430651664734,0.0740165263414383
0.4526315789473684,0.6842105263157895,-0.055690571665763855,-0.30320045351982117,-0.03148183971643448,0.08420407027006149,0.05971607565879822,0.12144285440444946,0.3150215744972229,0.3225574791431427,0.07189558446407318
0.4526315789473684,0.631578947368421,-0.055180564522743225,-0.30191901326179504,-0.031545862555503845,0.08055534958839417,0.06275513023138046,0.12088508903980255,0.3156682252883911,0.32257065176963806,0.06977484375238419
0.4526315789473684,0.5789473684210527,-0.05467061698436737,-0.3006380796432495,-0.03160987049341202,0.07690712064504623,0.06579433381557465,0.12032709270715714,0.3163147270679474,0.32258376479148865,0.0676543265581131
0.4526315789473684,0.5263157894736843,-0.0541607104241848,-0.2993578314781189,-0.03167387470602989,0.07325927913188934,0.06883364915847778,0.11976891756057739,0.31696122884750366,0.32259678840637207,0.06553412973880768
0.4526315789473684,0.4736842105263158,-0.05365081876516342,-0.2980780303478241,-0.031737878918647766,0.0696118101477623,0.07187311351299286,0.11921043694019318,0.31760773062705994,0.3226098120212555,0.06341411173343658
0.4526315789473684,0.42105263157894735,-0.05314098298549652,-0.2967987358570099,-0.031801868230104446,0.06596475839614868,0.07491271197795868,0.11865181475877762,0.31825417280197144,0.32262274622917175,0.061294250190258026
0.4526315789473684,0.368421052631579,-0.05263115093111992,-0.29552003741264343,-0.031865864992141724,0.06231804937124252,0.07795248925685883,0.11809292435646057,0.31890055537223816,0.3226357400417328,0.059174664318561554
0.4526315789473684,0.3157894736842106,-0.052121348679065704,-0.2942418158054352,-0.0319298654794693,0.058671653270721436,0.08099241554737091,0.1175338551402092,0.3195469379425049,0.32264864444732666,0.057055287063121796
0.4526315789473684,0.26315789473684215,-0.051611583679914474,-0.2929641604423523,-0.031993865966796875,0.05502558499574661,0.08403252810239792,0.1169745922088623,0.32019326090812683,0.32266151905059814,0.05493615195155144
0.4526315789473684,0.21052631578947367,-0.05110182985663414,-0.2916869521141052,-0.03205785155296326,0.051379818469285965,0.08707283437252045,0.11641520261764526,0.320839524269104,0.3226742744445801,0.05281716585159302
0.4526315789473684,0.1578947368421053,-0.05059210956096649,-0.29041019082069397,-0.032121848315000534,0.0477343425154686,0.0901133343577385,0.11585558950901031,0.32148581743240356,0.322687029838562,0.050698332488536835
0.4526315789473684,0.10526315789473695,-0.050082385540008545,-0.28913405537605286,-0.03218584507703781,0.04408910870552063,0.09315405786037445,0.11529585719108582,0.32213205099105835,0.32269978523254395,0.048579730093479156
0.4526315789473684,0.052631578947368474,-0.04957268014550209,-0.2878582775592804,-0.03224984556436539,0.04044410586357117,0.0961950495839119,0.11473597586154938,0.32277825474739075,0.3227124810218811,0.046461209654808044
0.4526315789473684,0.0,-0.04906299337744713,-0.2865830659866333,-0.03231384605169296,0.036799367517232895,0.09923623502254486,0.1141759380698204,0.32342445850372314,0.3227250874042511,0.04434288293123245
0.41052631578947374,1.0,-0.05991138517856598,-0.3013218939304352,-0.03119797259569168,0.1122589260339737,0.03741748631000519,0.12639328837394714,0.3077320158481598,0.3219989836215973,0.08391333371400833
0.41052631578947374,0.9473684210526316,-0.059362269937992096,-0.2999723255634308,-0.03126678243279457,0.1082879900932312,0.04072056710720062,0.1257707178592682,0.308432400226593,0.32202425599098206,0.08165419101715088
0.41052631578947374,0.8947368421052632,-0.05881328135728836,-0.29862233996391296,-0.03133559226989746,0.10431761294603348,0.04402376711368561,0.12514814734458923,0.30913224816322327,0.322049081325531,0.07939477264881134
0.41052631578947374,0.8421052631578947,-0.05826437473297119,-0.2972731292247772,-0.03140437230467796,0.10034795105457306,0.04732702299952507,0.1245252937078476,0.30983206629753113,0.32207390666007996,0.07713563740253448
0.41052631578947374,0.7894736842105263,-0.05771554261445999,-0.295924574136734,-0.031473129987716675,0.09637900441884995,0.0506303571164608,0.12390202283859253,0.3105317950248718,0.32209864258766174,0.0748768001794815
0.41052631578947374,0.736842105263158,-0.05716677010059357,-0.2945767343044281,-0.031541891396045685,0.09241071343421936,0.05393379554152489,0.12327836453914642,0.31123143434524536,0.32212331891059875,0.07261832058429718
0.41052631578947374,0.6842105263157895,-0.05661807209253311,-0.2932295501232147,-0.031610630452632904,0.08844304084777832,0.057237327098846436,0.12265439331531525,0.3119310438632965,0.3221479058265686,0.07036010921001434
0.41052631578947374,0.631578947368421,-0.05606943741440773,-0.29188302159309387,-0.03167935088276863,0.08447600156068802,0.06054097041487694,0.12203007191419601,0.3126305341720581,0.32217249274253845,0.06810221076011658
0.41052631578947374,0.5789473684210527,-0.055520858615636826,-0.2905372679233551,-0.03174807131290436,0.08050955086946487,0.06384475529193878,0.12140543013811111,0.3133300542831421,0.32219693064689636,0.06584461033344269
0.41052631578947374,0.5263157894736843,-0.05497231334447861,-0.2891921103000641,-0.03181677684187889,0.07654362916946411,0.06714869290590286,0.12078047543764114,0.31402942538261414,0.3222213685512543,0.06358727812767029
0.41052631578947374,0.4736842105263158,-0.054423823952674866,-0.2878475487232208,-0.03188546746969223,0.07257823646068573,0.07045282423496246,0.1201552301645279,0.3147287368774414,0.3222457766532898,0.061330124735832214
0.41052631578947374,0.42105263157894735,-0.0538753867149353,-0.28650373220443726,-0.03195416182279587,0.06861335039138794,0.07375714182853699,0.11952976882457733,0.3154280483722687,0.32227009534835815,0.05907324701547623
0.41052631578947374,0.368421052631579,-0.053326986730098724,-0.2851604223251343,-0.03202284127473831,0.06464894115924835,0.07706164568662643,0.1189039796590805,0.31612730026245117,0.32229429483413696,0.05681658536195755
0.41052631578947374,0.3157894736842106,-0.052778616547584534,-0.283817857503891,-0.03209151700139046,0.06068495288491249,0.08036636561155319,0.11827795207500458,0.3168264925479889,0.32231852412223816,0.05456019937992096
0.41052631578947374,0.26315789473684215,-0.05223028361797333,-0.28247585892677307,-0.0321602039039135,0.05672139674425125,0.08367133140563965,0.11765170842409134,0.31752562522888184,0.3223426938056946,0.05230402201414108
0.41052631578947374,0.21052631578947367,-0.05168197676539421,-0.2811344265937805,-0.03222887963056564,0.05275823175907135,0.0869765505194664,0.1170252114534378,0.31822469830513,0.32236674427986145,0.05004801228642464
0.41052631578947374,0.1578947368421053,-0.05113369598984718,-0.27979356050491333,-0.03229755908250809,0.048795416951179504,0.09028201550245285,0.11639851331710815,0.3189237117767334,0.32239076495170593,0.04779219627380371
0.41052631578947374,0.10526315789473695,-0.05058543011546135,-0.27845335006713867,-0.03236623480916023,0.04483293741941452,0.09358777105808258,0.11577158421278,0.3196227550506592,0.32241466641426086,0.0455365926027298
0.41052631578947374,0.052631578947368474,-0.05003718286752701,-0.2771136164665222,-0.03243492543697357,0.040870778262615204,0.09689383953809738,0.11514449119567871,0.3203217089176178,0.3224385380744934,0.04328109323978424
0.41052631578947374,0.0,-0.049488943070173264,-0.2757745087146759,-0.032503604888916016,0.03690887242555618,0.10020019114017487,0.1145172119140625,0.3210206627845764,0.32246243953704834,0.04102577269077301
0.368421052631579,1.0,-0.061269890516996384,-0.29023194313049316,-0.03132214769721031,0.11966307461261749,0.03250621259212494,0.12834537029266357,0.3036815822124481,0.32135576009750366,0.08329901844263077
0.368421052631579,0.9473684210526316,-0.06067592650651932,-0.288811057806015,-0.03139617294073105,0.1153106838464737,0.03612487018108368,0.12764090299606323,0.30444443225860596,0.321397066116333,0.08088374137878418
0.368421052631579,0.8947368421052632,-0.06008215993642807,-0.28738975524902344,-0.03147017955780029,0.11095912009477615,0.03974364697933197,0.1269364058971405,0.30520665645599365,0.32143789529800415,0.07846809923648834
0.368421052631579,0.8421052631578947,-0.05948849767446518,-0.2859693169593811,-0.03154414892196655,0.10660853981971741,0.04336247965693474,0.12623143196105957,0.3059688210487366,0.32147857546806335,0.07605276256799698
0.368421052631579,0.7894736842105263,-0.05889493227005005,-0.2845498025417328,-0.03161809593439102,0.10225892066955566,0.04698137566447258,0.12552592158317566,0.30673086643218994,0.3215191960334778,0.07363788783550262
0.368421052631579,0.736842105263158,-0.05830147862434387,-0.28313112258911133,-0.031692009419202805,0.09791021049022675,0.05060039088129997,0.12482000887393951,0.30749279260635376,0.32155975699424744,0.07122330367565155
0.368421052631579,0.6842105263157895,-0.05770811438560486,-0.2817133069038391,-0.03176591545343399,0.09356239438056946,0.054219506680965424,0.12411358207464218,0.3082546293735504,0.3216002285480499,0.06880912184715271
0.368421052631579,0.631578947368421,-0.05711481720209122,-0.280296266078949,-0.03183978423476219,0.08921538293361664,0.05783878266811371,0.12340669333934784,0.3090164065361023,0.32164061069488525,0.06639519333839417
0.368421052631579,0.5789473684210527,-0.05652160197496414,-0.2788800299167633,-0.03191365301609039,0.08486918359994888,0.061458244919776917,0.12269940972328186,0.30977803468704224,0.3216809332370758,0.0639815628528595
0.368421052631579,0.5263157894736843,-0.05592847242951393,-0.2774645984172821,-0.03198748081922531,0.0805237740278244,0.06507787108421326,0.12199171632528305,0.3105396032333374,0.32172104716300964,0.06156822666525841
0.368421052631579,0.4736842105263158,-0.05533540993928909,-0.276049941778183,-0.03206130489706993,0.07617906481027603,0.06869769096374512,0.12128358334302902,0.3113011121749878,0.32176119089126587,0.059155210852622986
0.368421052631579,0.42105263157894735,-0.054742395877838135,-0.27463603019714355,-0.03213511407375336,0.07183501124382019,0.07231780886650085,0.12057511508464813,0.31206247210502625,0.32180118560791016,0.05674239620566368
0.368421052631579,0.368421052631579,-0.054149456322193146,-0.27322298288345337,-0.03220892325043678,0.06749163568019867,0.0759381502866745,0.11986628919839859,0.3128238320350647,0.32184115052223206,0.054329920560121536
0.368421052631579,0.3157894736842106,-0.05355655774474144,-0.2718105912208557,-0.03228273242712021,0.06314884126186371,0.07955878973007202,0.11915714293718338,0.3135850727558136,0.32188093662261963,0.05191762000322342
0.368421052631579,0.26315789473684215,-0.05296369642019272,-0.270398885011673,-0.03235652297735214,0.05880657583475113,0.08317971229553223,0.11844761669635773,0.31434622406959534,0.3219207227230072,0.0495055615901947
0.368421052631579,0.21052631578947367,-0.05237089842557907,-0.2689879834651947,-0.03243032097816467,0.05446487292647362,0.08680099248886108,0.11773785203695297,0.3151073455810547,0.32196035981178284,0.047093696892261505
0.368421052631579,0.1578947368421053,-0.051778096705675125,-0.26757776737213135,-0.03250410407781601,0.05012361705303192,0.09042259305715561,0.11702778935432434,0.31586843729019165,0.3219999372959137,0.044681988656520844
0.368421052631579,0.10526315789473695,-0.05118533968925476,-0.2661682367324829,-0.03257789835333824,0.045782819390296936,0.09404460340738297,0.11631748080253601,0.3166293799877167,0.3220394253730774,0.0422704741358757
0.368421052631579,0.052631578947368474,-0.05059259757399559,-0.2647593319416046,-0.03265170380473137,0.04144240915775299,0.09766700863838196,0.1156068742275238,0.3173903524875641,0.3220788240432739,0.03985912352800369
0.368421052631579,0.0,-0.04999988153576851,-0.26335111260414124,-0.0327255055308342,0.037102386355400085,0.10128981620073318,0.11489612609148026,0.31815120577812195,0.3221180737018585,0.03744788095355034
0.3263157894736842,1.0,-0.06287836283445358,-0.27723902463912964,-0.031478527933359146,0.1287425458431244,0.026461370289325714,0.13076253235340118,0.29879051446914673,0.3204649090766907,0.08286942541599274
0.3263157894736842,0.9473684210526316,-0.06223215535283089,-0.27574074268341064,-0.031558118760585785,0.12392622232437134,0.03046322986483574,0.1299545168876648,0.2996278703212738,0.3205290138721466,0.08027492463588715
0.3263157894736842,0.8947368421052632,-0.061586178839206696,-0.2742421627044678,-0.03163767606019974,0.11911110579967499,0.034465186297893524,0.12914632260799408,0.30046454071998596,0.3205924928188324,0.07768003642559052
0.3263157894736842,0.8421052631578947,-0.060940369963645935,-0.272744745016098,-0.03171718493103981,0.11429740488529205,0.0384671613574028,0.12833741307258606,0.3013010323047638,0.32065585255622864,0.07508567720651627
0.3263157894736842,0.7894736842105263,-0.06029471755027771,-0.27124834060668945,-0.0317966490983963,0.10948507487773895,0.04246921464800835,0.12752783298492432,0.3021373748779297,0.32071906328201294,0.07249167561531067
0.3263157894736842,0.736842105263158,-0.05964920297265053,-0.26975297927856445,-0.031876079738140106,0.10467404127120972,0.04647136852145195,0.12671756744384766,0.30297356843948364,0.3207821846008301,0.06989805400371552
0.3263157894736842,0.6842105263157895,-0.0590038038790226,-0.26825863122940063,-0.03195546567440033,0.09986427426338196,0.0504736602306366,0.12590663135051727,0.30380964279174805,0.3208451271057129,0.06730479001998901
0.3263157894736842,0.631578947368421,-0.05835854634642601,-0.2667653262615204,-0.03203481808304787,0.09505566209554672,0.054476119577884674,0.12509511411190033,0.3046455383300781,0.32090795040130615,0.06471192091703415
0.3263157894736842,0.5789473684210527,-0.05771341174840927,-0.26527300477027893,-0.032114122062921524,0.09024818241596222,0.058478809893131256,0.12428314983844757,0.30548128485679626,0.3209705948829651,0.0621192567050457
0.3263157894736842,0.5263157894736843,-0.05706837400794029,-0.26378169655799866,-0.03219340741634369,0.08544179797172546,0.06248171627521515,0.12347047030925751,0.30631691217422485,0.32103317975997925,0.059527017176151276
0.3263157894736842,0.4736842105263158,-0.05642344802618027,-0.2622913122177124,-0.032272692769765854,0.08063643425703049,0.06648486107587814,0.12265723943710327,0.3071524202823639,0.32109561562538147,0.05693511664867401
0.3263157894736842,0.42105263157894735,-0.055778611451387405,-0.26080194115638733,-0.032351940870285034,0.07583204656839371,0.07048837095499039,0.12184351682662964,0.307987779378891,0.32115790247917175,0.05434345453977585
0.3263157894736842,0.368421052631579,-0.05513383820652962,-0.2593134045600891,-0.03243117406964302,0.07102851569652557,0.0744922012090683,0.121029332280159,0.30882298946380615,0.3212200701236725,0.051752008497714996
0.3263157894736842,0.3157894736842106,-0.054489146918058395,-0.2578257918357849,-0.03251039236783981,0.06622584164142609,0.07849642634391785,0.12021464854478836,0.30965813994407654,0.3212820887565613,0.04916080832481384
0.3263157894736842,0.26315789473684215,-0.053844526410102844,-0.25633910298347473,-0.032589610666036606,0.06142395734786987,0.08250101655721664,0.1193995326757431,0.3104931712150574,0.3213439881801605,0.04656984657049179
0.3263157894736842,0.21052631578947367,-0.05319995433092117,-0.2548532485961914,-0.0326688215136528,0.05662278085947037,0.08650606870651245,0.118584044277668,0.31132808327674866,0.32140570878982544,0.043979059904813766
0.3263157894736842,0.1578947368421053,-0.05255541950464249,-0.2533682584762573,-0.0327480249106884,0.05182226747274399,0.09051162004470825,0.11776813864707947,0.31216293573379517,0.3214673101902008,0.04138841852545738
0.3263157894736842,0.10526315789473695,-0.05191093683242798,-0.2518841326236725,-0.0328272245824337,0.04702235013246536,0.09451767057180405,0.11695189774036407,0.3129976689815521,0.3215288519859314,0.038797952234745026
0.3263157894736842,0.052631578947368474,-0.05126647278666496,-0.2504007816314697,-0.03290644288063049,0.042222995311021805,0.09852424263954163,0.11613529920578003,0.3138323128223419,0.3215901851654053,0.03620763123035431
0.3263157894736842,0.0,-0.050622038543224335,-0.24891793727874756,-0.032985687255859375,0.03742410987615585,0.10253140330314636,0.11531835794448853,0.31466689705848694,0.3216513991355896,0.033617302775382996
0.28421052631578947,1.0,-0.06480377167463303,-0.26180189847946167,-0.03167995810508728,0.1401365101337433,0.01884901337325573,0.1338323950767517,0.2927692234516144,0.3191854953765869,0.082771435379982
0.28421052631578947,0.9473684210526316,-0.06409621983766556,-0.26022017002105713,-0.03176513686776161,0.13474304974079132,0.023326391354203224,0.13288991153240204,0.29369696974754333,0.31928297877311707,0.07996933162212372
0.28421052631578947,0.8947368421052632,-0.06338897347450256,-0.2586383819580078,-0.03185027465224266,0.12935146689414978,0.027803799137473106,0.13194705545902252,0.29462388157844543,0.3193797171115875,0.07716688513755798
0.28421052631578947,0.8421052631578947,-0.06268198788166046,-0.2570578455924988,-0.03193531930446625,0.1239619180560112,0.03228117153048515,0.13100320100784302,0.29555052518844604,0.3194761872291565,0.07436491549015045
0.28421052631578947,0.7894736842105263,-0.061975229531526566,-0.25547873973846436,-0.032020289450883865,0.11857450008392334,0.036758605390787125,0.13005834817886353,0.2964768409729004,0.3195725083351135,0.07156337797641754
0.28421052631578947,0.736842105263158,-0.06126869097352028,-0.253900945186615,-0.03210519999265671,0.11318899691104889,0.04123611003160477,0.12911243736743927,0.2974030077457428,0.31966859102249146,0.06876234710216522
0.28421052631578947,0.6842105263157895,-0.0605623722076416,-0.2523244619369507,-0.03219003975391388,0.10780538618564606,0.045713745057582855,0.12816570699214935,0.29832881689071655,0.31976449489593506,0.06596168875694275
0.28421052631578947,0.631578947368421,-0.05985622853040695,-0.2507493495941162,-0.032274819910526276,0.10242351144552231,0.05019156634807587,0.12721797823905945,0.29925453662872314,0.3198602497577667,0.0631614550948143
0.28421052631578947,0.5789473684210527,-0.05915028601884842,-0.2491750419139862,-0.03235955908894539,0.09704332798719406,0.05466965585947037,0.12626948952674866,0.30017992854118347,0.3199556767940521,0.06036127358675003
0.28421052631578947,0.5263157894736843,-0.058444492518901825,-0.24760234355926514,-0.032444220036268234,0.09166475385427475,0.05914800614118576,0.12532013654708862,0.30110517144203186,0.3200509548187256,0.05756167322397232
0.28421052631578947,0.4736842105263158,-0.05773886293172836,-0.24603086709976196,-0.03252885490655899,0.08628766238689423,0.06362669914960861,0.12437013536691666,0.30203014612197876,0.32014602422714233,0.0547623410820961
0.28421052631578947,0.42105263157894735,-0.057033371180295944,-0.2444605529308319,-0.032613467425107956,0.08091199398040771,0.06810580939054489,0.12341929227113724,0.3029549717903137,0.32024088501930237,0.05196332186460495
0.28421052631578947,0.368421052631579,-0.056328002363443375,-0.2428913712501526,-0.032698046416044235,0.07553763687610626,0.07258538901805878,0.1224677711725235,0.30387958884239197,0.3203355669975281,0.049164511263370514
0.28421052631578947,0.3157894736842106,-0.05562274158000946,-0.24132339656352997,-0.03278260678052902,0.07016453146934509,0.07706549018621445,0.12151560187339783,0.3048040568828583,0.3204300105571747,0.046365901827812195
0.28421052631578947,0.26315789473684215,-0.054917577654123306,-0.23975645005702972,-0.03286713734269142,0.06479254364967346,0.0815461277961731,0.12056280672550201,0.3057282865047455,0.3205242455005646,0.043567489832639694
0.28421052631578947,0.21052631578947367,-0.054212503135204315,-0.23819059133529663,-0.03295166790485382,0.05942156910896301,0.08602740615606308,0.11960944533348083,0.3066524267196655,0.32061833143234253,0.04076920449733734
0.28421052631578947,0.1578947368421053,-0.053507499396800995,-0.2366257607936859,-0.033036187291145325,0.054051611572504044,0.0905093103647232,0.11865552514791489,0.30757632851600647,0.320712149143219,0.03797105699777603
0.28421052631578947,0.10526315789473695,-0.05280254781246185,-0.23506198823451996,-0.033120714128017426,0.04868249222636223,0.09499194473028183,0.11770113557577133,0.30850017070770264,0.32080575823783875,0.03517300635576248
0.28421052631578947,0.052631578947368474,-0.0520976297557354,-0.2334991991519928,-0.033205244690179825,0.04331411421298981,0.09947536885738373,0.11674624681472778,0.30942386388778687,0.3208991587162018,0.0323750376701355
0.28421052631578947,0.0,-0.05139275640249252,-0.23193737864494324,-0.033289793878793716,0.03794645518064499,0.1039595901966095,0.1157909706234932,0.31034737825393677,0.3209924101829529,0.029577083885669708
0.2421052631578947,1.0,-0.06713039427995682,-0.2431488335132599,-0.0319473072886467,0.15485650300979614,0.008985023014247417,0.13785752654075623,0.285179078578949,0.31726300716400146,0.0832596868276596
0.2421052631578947,0.9473684210526316,-0.06635051965713501,-0.241477370262146,-0.032037220895290375,0.1487240493297577,0.014068886637687683,0.13673493266105652,0.2862185537815094,0.317411333322525,0.08021404594182968
0.2421052631578947,0.8947368421052632,-0.06557116657495499,-0.23980681598186493,-0.03212699294090271,0.14259479939937592,0.01915256306529045,0.13561147451400757,0.28725695610046387,0.31755876541137695,0.07716844975948334
0.2421052631578947,0.8421052631578947,-0.064792200922966,-0.23813799023628235,-0.03221660107374191,0.1364687979221344,0.024236122146248817,0.13448654115200043,0.2882949113845825,0.31770583987236023,0.0741233229637146
0.2421052631578947,0.7894736842105263,-0.06401363015174866,-0.2364709973335266,-0.032306089997291565,0.1303461194038391,0.029319584369659424,0.13336002826690674,0.28933241963386536,0.31785258650779724,0.07107876241207123
0.2421052631578947,0.736842105263158,-0.06323540210723877,-0.2348056137561798,-0.03239545598626137,0.1242264062166214,0.03440304845571518,0.13223211467266083,0.29036951065063477,0.317999005317688,0.0680345892906189
0.2421052631578947,0.6842105263157895,-0.06245752424001694,-0.23314204812049866,-0.03248470649123192,0.11810971051454544,0.03948661684989929,0.1311027705669403,0.29140621423721313,0.31814509630203247,0.06499087810516357
0.2421052631578947,0.631578947368421,-0.06167997419834137,-0.23148009181022644,-0.032573848962783813,0.11199581623077393,0.04457038268446922,0.12997210025787354,0.29244253039360046,0.3182908594608307,0.06194745749235153
0.2421052631578947,0.5789473684210527,-0.06090272217988968,-0.22981983423233032,-0.03266290947794914,0.1058845967054367,0.049654390662908554,0.1288401186466217,0.29347848892211914,0.31843626499176025,0.05890447646379471
0.2421052631578947,0.5263157894736843,-0.06012573838233948,-0.22816115617752075,-0.03275186941027641,0.09977582842111588,0.05473876744508743,0.12770694494247437,0.2945140600204468,0.31858140230178833,0.055861763656139374
0.2421052631578947,0.4736842105263158,-0.05934901162981987,-0.22650402784347534,-0.032840777188539505,0.09366942942142487,0.05982358753681183,0.1265726089477539,0.29554927349090576,0.31872615218162537,0.05281934514641762
0.2421052631578947,0.42105263157894735,-0.05857251584529877,-0.2248484343290329,-0.03292961046099663,0.08756525814533234,0.06490889936685562,0.1254371553659439,0.29658418893814087,0.3188706338405609,0.049777135252952576
0.2421052631578947,0.368421052631579,-0.05779622867703438,-0.22319433093070984,-0.03301839530467987,0.08146308362483978,0.06999484449625015,0.1243007630109787,0.2976187467575073,0.3190147280693054,0.04673510789871216
0.2421052631578947,0.3157894736842106,-0.057020120322704315,-0.2215416431427002,-0.03310713917016983,0.07536282390356064,0.07508152723312378,0.12316332757472992,0.2986530065536499,0.3191584646701813,0.0436931848526001
0.2421052631578947,0.26315789473684215,-0.056244175881147385,-0.21989035606384277,-0.033195860683918,0.06926434487104416,0.0801689550280571,0.12202496826648712,0.2996869683265686,0.31930187344551086,0.04065141826868057
0.2421052631578947,0.21052631578947367,-0.0554683618247509,-0.2182404100894928,-0.03328455984592438,0.06316745281219482,0.08525728434324265,0.1208857074379921,0.3007206618785858,0.31944501399993896,0.03760969638824463
0.2421052631578947,0.1578947368421053,-0.05469265580177307,-0.21659184992313385,-0.03337324038147926,0.0570719838142395,0.09034659713506699,0.11974571645259857,0.3017541170120239,0.319587767124176,0.03456796705722809
0.2421052631578947,0.10526315789473695,-0.0539170578122139,-0.21494460105895996,-0.03346192464232445,0.05097784101963043,0.09543691575527191,0.11860499531030655,0.30278733372688293,0.3197302222251892,0.03152623772621155
0.2421052631578947,0.052631578947368474,-0.053141526877880096,-0.21329855918884277,-0.03355062007904053,0.044884875416755676,0.10052838176488876,0.11746352165937424,0.30382034182548523,0.31987231969833374,0.02848443016409874
0.2421052631578947,0.0,-0.05236603319644928,-0.2116537094116211,-0.0336393378674984,0.038792841136455536,0.1056210845708847,0.11632152646780014,0.30485305190086365,0.3200140595436096,0.025442548096179962
0.2,1.0,-0.0699496641755104,-0.22013553977012634,-0.032317616045475006,0.1746053695678711,-0.004273946397006512,0.14335781335830688,0.2753232717514038,0.3142012357711792,0.08479083329439163
0.2,0.9473684210526316,-0.06908528506755829,-0.218370720744133,-0.03240881860256195,0.16749003529548645,0.0016115389298647642,0.14198407530784607,0.2765042185783386,0.31443148851394653,0.08145676553249359
0.2,0.8947368421052632,-0.06822175532579422,-0.21660730242729187,-0.032499730587005615,0.1603802740573883,0.007496462669223547,0.14060860872268677,0.2776836156845093,0.3146604597568512,0.07812266051769257
0.2,0.8421052631578947,-0.06735893338918686,-0.2148463875055313,-0.032590366899967194,0.153276264667511,0.013380820862948895,0.1392306387424469,0.27886220812797546,0.31488892436027527,0.0747891515493393
0.2,0.7894736842105263,-0.06649681180715561,-0.21308787167072296,-0.03268074616789818,0.1461777687072754,0.01926475577056408,0.13785019516944885,0.28004002571105957,0.3151167929172516,0.07145611941814423
0.2,0.736842105263158,-0.0656353235244751,-0.21133175492286682,-0.03277089446783066,0.13908448815345764,0.025148499757051468,0.13646742701530457,0.28121715784072876,0.31534409523010254,0.06812353432178497
0.2,0.6842105263157895,-0.06477446854114532,-0.20957794785499573,-0.03286084905266762,0.1319963037967682,0.031032130122184753,0.13508236408233643,0.28239351511001587,0.3155708611011505,0.06479138135910034
0.2,0.631578947368421,-0.06391414999961853,-0.20782636106014252,-0.03295058757066727,0.12491268664598465,0.036915842443704605,0.13369524478912354,0.28356921672821045,0.31579703092575073,0.06145944446325302
0.2,0.5789473684210527,-0.06305436789989471,-0.20607706904411316,-0.03304016590118408,0.11783364415168762,0.04279976338148117,0.1323060244321823,0.2847442328929901,0.31602269411087036,0.05812786519527435
0.2,0.5263157894736843,-0.06219508871436119,-0.20432987809181213,-0.033129576593637466,0.11075884848833084,0.04868409037590027,0.1309148669242859,0.28591859340667725,0.31624773144721985,0.054796475917100906
0.2,0.4736842105263158,-0.06133625656366348,-0.20258483290672302,-0.0332188606262207,0.10368803143501282,0.054568931460380554,0.12952181696891785,0.2870923578739166,0.31647223234176636,0.051465243101119995
0.2,0.42105263157894735,-0.060477837920188904,-0.20084179937839508,-0.03330802172422409,0.09662091732025146,0.06045445054769516,0.12812700867652893,0.28826549649238586,0.3166961967945099,0.04813409969210625
0.2,0.368421052631579,-0.05961979925632477,-0.1991007924079895,-0.033397089689970016,0.08955726027488708,0.06634076684713364,0.1267305612564087,0.28943806886672974,0.31691956520080566,0.04480303078889847
0.2,0.3157894736842106,-0.0587620884180069,-0.19736167788505554,-0.033486079424619675,0.0824967473745346,0.07222811877727509,0.12533259391784668,0.29061010479927063,0.3171423673629761,0.041471920907497406
0.2,0.26315789473684215,-0.05790466442704201,-0.195624440908432,-0.033574994653463364,0.07543908059597015,0.07811661809682846,0.1239333301782608,0.29178154468536377,0.31736457347869873,0.038140665739774704
0.2,0.21052631578947367,-0.05704749375581741,-0.19388903677463531,-0.03366389870643616,0.06838414072990417,0.0840064212679863,0.12253256142139435,0.2929525375366211,0.3175862729549408,0.03480932116508484
0.2,0.1578947368421053,-0.056190527975559235,-0.1921553611755371,-0.03375277295708656,0.06133151054382324,0.08989771455526352,0.12113061547279358,0.2941230535507202,0.31780731678009033,0.031477756798267365
0.2,0.10526315789473695,-0.05533372238278389,-0.1904233694076538,-0.033841636031866074,0.054281048476696014,0.09579057991504669,0.11972746253013611,0.2952931225299835,0.31802791357040405,0.028145888820290565
0.2,0.052631578947368474,-0.05447704344987869,-0.18869301676750183,-0.033930517733097076,0.04723239690065384,0.10168520361185074,0.11832332611083984,0.2964627742767334,0.31824791431427,0.024813737720251083
0.2,0.0,-0.05362047255039215,-0.18696430325508118,-0.03401944413781166,0.04018534719944,0.1075817346572876,0.11691825091838837,0.29763203859329224,0.31846725940704346,0.021481208503246307
