err_5,lambdas,err_7,err_9
0.0004937350749969,1.0,1.576542854309082e-05,6.556510925292969e-07
0.0004726499319076,0.9990224828934506,1.4230608940152267e-05,5.066394806185759e-07
0.0004522502422332,0.9980449657869012,1.2800097465515137e-05,4.76837158203125e-07
0.0004324615001678,0.997067448680352,1.1444091796875e-05,3.5762786865234375e-07
0.0004133284091949,0.9960899315738024,1.0222196578979492e-05,3.2782554626464844e-07
0.000394806265831,0.9951124144672532,9.059906005914886e-06,2.6822090154476896e-07
0.0003769397735595,0.9941348973607038,8.061528205871582e-06,2.682209014892578e-07
0.0003595948219299,0.9931573802541545,7.078051567133148e-06,2.0861625676937834e-07
0.0003428161144256,0.9921798631476052,6.198883056640625e-06,1.9371509552001953e-07
0.0003266632556915,0.9912023460410556,5.364418029812912e-06,1.4901161196623214e-07
0.000311017036438,0.9902248289345064,4.678964614923675e-06,1.192092896062924e-07
0.0002959072589874,0.989247311827957,4.008412361200531e-06,1.0430812841244474e-07
0.0002813339233398,0.9882697947214076,3.412365913418869e-06,8.940696719084151e-08
0.0002672672271729,0.9872922776148584,2.890825271689712e-06,8.940696724635266e-08
0.0002537220716476,0.9863147605083088,2.399086952264984e-06,4.470348363705412e-08
0.0002407133579254,0.9853372434017597,2.026557922363281e-06,8.940696716308594e-08
0.0002280920743942,0.9843597262952102,1.6242265701293943e-06,5.960464477539063e-08
0.0002159476280212,0.9833822091886608,1.2516975402832031e-06,2.9802322387695312e-08
0.0002042651176453,0.9824046920821116,1.0132789612371518e-06,5.551115123125783e-17
0.0001930445432663,0.981427174975562,7.748603821078337e-07,2.7755575615628914e-17
0.0001822710037231,0.9804496578690128,5.811452865878142e-07,4.4703483609298544e-08
0.0001718997955322,0.9794721407624634,3.874301910955502e-07,5.551115123125783e-17
0.0001619458198547,0.978494623655914,2.980232239324643e-07,2.9802322443206464e-08
0.0001523941755295,0.9775171065493646,1.6391277321559097e-07,-1.490116111058093e-08
0.0001432597637176,0.9765395894428152,1.4901161193847656e-07,4.470348358154297e-08
0.0001344680786132,0.975562072336266,8.940696716308595e-08,0.0
0.0001260638236999,0.9745845552297164,7.450580596923828e-08,1.4901161193847656e-08
0.0001180171966553,0.9736070381231672,8.94069672185971e-08,5.551115123125783e-17
0.000110387802124,0.9726295210166178,1.4901161193847656e-07,5.960464477539063e-08
0.0001029670238495,0.9716520039100685,1.6391277321559097e-07,1.4901161277114383e-08
9.597837924962828e-05,0.9706744868035192,2.980232239324643e-07,5.960464483090178e-08
8.928775787359067e-05,0.9696969696969696,3.4272670751400724e-07,5.551115123125783e-17
8.295476436617766e-05,0.9687194525904204,4.768371582308806e-07,2.980232241545089e-08
7.688999176028166e-05,0.967741935483871,5.662441253939665e-07,4.4703483609298544e-08
7.112324237829037e-05,0.9667644183773216,7.152557373601987e-07,2.9802322443206464e-08
6.568431854250822e-05,0.9657869012707724,8.94069671658615e-07,5.96046448031462e-08
6.042420864108e-05,0.9648093841642228,9.983778000155483e-07,2.980232241545089e-08
5.556643009191342e-05,0.9638318670576737,1.1920928955633237e-06,5.960464483090178e-08
5.090236663826686e-05,0.9628543499511242,1.3113021851418605e-06,8.326672684688674e-17
4.6506524085998535e-05,0.9618768328445748,1.5348196029663086e-06,5.960464477539063e-08
4.240870475774594e-05,0.9608993157380256,1.698732376154144e-06,4.470348363705412e-08
3.8489699363708496e-05,0.959921798631476,1.8924474716186523e-06,5.960464477539063e-08
3.4838914871243576e-05,0.9589442815249268,1.996755600003341e-06,5.96046448031462e-08
3.141164779668637e-05,0.9579667644183774,2.2500753403265072e-06,8.940696721859709e-08
2.8207898140009124e-05,0.956989247311828,2.399086952264984e-06,2.9802322443206464e-08
2.521276474001799e-05,0.9560117302052786,2.622604370144943e-06,7.450580599699386e-08
2.244114875801784e-05,0.9550342130987292,2.801418304526626e-06,8.940696724635266e-08
1.986324787139893e-05,0.95405669599218,3.0100345611572266e-06,8.940696716308594e-08
1.7404556274469574e-05,0.9530791788856304,3.1590461731512143e-06,5.960464483090178e-08
1.519918441772461e-05,0.9521016617790812,3.337860107421875e-06,5.960464477539063e-08
1.3202428817749023e-05,0.9511241446725318,3.516674041748047e-06,2.9802322387695312e-08
1.138448715209961e-05,0.9501466275659824,3.725290298461914e-06,5.960464477539063e-08
9.745359420776367e-06,0.9491691104594332,3.904104232788086e-06,1.1920928955078125e-07
8.13603401184082e-06,0.9481915933528836,3.993511199951172e-06,2.9802322387695312e-08
6.824731826837738e-06,0.9472140762463344,4.20212745672055e-06,5.960464483090178e-08
5.573034286499024e-06,0.946236559139785,4.380941390991211e-06,8.940696716308594e-08
4.529953002929688e-06,0.9452590420332356,4.500150680541992e-06,5.960464477539063e-08
3.576278686523437e-06,0.9442815249266864,4.619359970092773e-06,5.960464477539063e-08
2.8312206268310547e-06,0.9433040078201368,4.798173904418945e-06,8.940696716308594e-08
2.1457672119695737e-06,0.9423264907135877,4.947185516412933e-06,8.940696721859709e-08
1.5795230866033627e-06,0.9413489736070382,5.006790161188324e-06,5.960464483090178e-08
1.1622905731201172e-06,0.9403714565004888,5.125999450683594e-06,2.9802322387695312e-08
8.642673492431641e-07,0.9393939393939394,5.27501106262207e-06,2.9802322387695312e-08
6.556510925292969e-07,0.93841642228739,5.364418029785156e-06,5.960464477539063e-08
5.662441253662109e-07,0.9374389051808408,5.453824996948242e-06,5.960464477539063e-08
5.364418030340268e-07,0.9364613880742914,5.543231964166839e-06,2.9802322443206464e-08
6.556510925292969e-07,0.935483870967742,5.602836608886719e-06,5.960464477539063e-08
8.344650268554688e-07,0.9345063538611926,5.751848220825195e-06,5.960464477539063e-08
1.0728836059570312e-06,0.9335288367546432,5.7220458984375e-06,2.9802322387695312e-08
1.430511474609375e-06,0.932551319648094,5.811452865600586e-06,0.0
1.877546310424805e-06,0.9315738025415444,5.8710575103759766e-06,2.9802322387695312e-08
2.324581146295745e-06,0.9305962854349952,5.871057510431488e-06,5.551115123125783e-17
3.0100345612127377e-06,0.9296187683284458,5.990266799982269e-06,5.960464483090178e-08
3.546476364135742e-06,0.9286412512218964,5.960464477539063e-06,0.0
4.291534423828125e-06,0.927663734115347,6.020069122314453e-06,0.0
5.0067901611328125e-06,0.9266862170087976,5.990266799926758e-06,2.9802322387695312e-08
5.841255187988281e-06,0.9257086999022482,6.020069122314453e-06,0.0
6.705522537231445e-06,0.9247311827956988,6.079673767089844e-06,2.9802322387695312e-08
7.599592208862305e-06,0.9237536656891496,6.0498714447021484e-06,2.9802322387695312e-08
8.493661880493164e-06,0.9227761485826002,5.990266799926758e-06,0.0
9.566545486505706e-06,0.9217986314760508,5.990266799982269e-06,5.551115123125783e-17
1.0579824447631836e-05,0.9208211143695014,6.020069122314453e-06,2.9802322387695312e-08
1.1652708053588867e-05,0.919843597262952,5.960464477539063e-06,2.9802322387695312e-08
1.2755393981989103e-05,0.9188660801564028,5.960464477594574e-06,5.551115123125783e-17
1.385807991027832e-05,0.9178885630498532,5.8710575103759766e-06,0.0
1.5050172805841644e-05,0.916911045943304,5.841255188043792e-06,5.551115123125783e-17
1.615285873413086e-05,0.9159335288367546,5.811452865600586e-06,0.0
1.7374753952026367e-05,0.9149560117302052,5.7220458984375e-06,0.0
1.8537044525146484e-05,0.913978494623656,5.662441253662109e-06,0.0
1.981854438787289e-05,0.9130009775171064,5.60283660894223e-06,2.9802322443206464e-08
2.104043960571289e-05,0.9120234604105572,5.543231964111328e-06,0.0
2.232193946838379e-05,0.9110459433040078,5.4836273193359375e-06,0.0
2.3484230041503903e-05,0.9100684261974584,5.304813385009766e-06,-2.9802322387695312e-08
2.479553222661801e-05,0.9090909090909092,5.2750110626775815e-06,5.551115123125783e-17
2.610683441162109e-05,0.9081133919843596,5.21540641784668e-06,2.9802322387695312e-08
2.7358531951959808e-05,0.9071358748778104,5.125999450739105e-06,5.551115123125783e-17
2.861022949224301e-05,0.906158357771261,5.006790161188324e-06,5.551115123125783e-17
2.9921531677301605e-05,0.9051808406647116,4.947185516412933e-06,5.960464483090178e-08
3.117322921758481e-05,0.9042033235581622,4.827976226862152e-06,2.9802322443206464e-08
3.248453140258789e-05,0.9032258064516128,4.798173904418945e-06,8.940696716308594e-08
3.37064266204834e-05,0.9022482893450636,4.678964614868164e-06,2.9802322387695312e-08
3.498792648320981e-05,0.9012707722385142,4.529953002985199e-06,5.960464483090178e-08
3.62396240234375e-05,0.9002932551319648,4.410743713378906e-06,5.960464477539063e-08
3.737211227422543e-05,0.8993157380254154,4.321336746271332e-06,2.9802322443206464e-08
3.8623809814453125e-05,0.8983382209188661,4.26173210144043e-06,2.9802322387695312e-08
3.981590270996094e-05,0.8973607038123167,4.082918167114258e-06,2.9802322387695312e-08
4.100799560552426e-05,0.8963831867057673,3.993511200006683e-06,5.960464483090178e-08
4.217028617858887e-05,0.895405669599218,3.874301910400391e-06,2.9802322387695312e-08
4.330277442932129e-05,0.8944281524926686,3.75509262084961e-06,0.0
4.443526268010922e-05,0.8934506353861192,3.6358833313543393e-06,2.9802322443206464e-08
4.553794860845395e-05,0.8924731182795699,3.516674041803558e-06,5.551115123125783e-17
4.664063453674317e-05,0.8914956011730205,3.427267074584961e-06,2.9802322387695312e-08
4.77135181427002e-05,0.8905180840664711,3.337860107421875e-06,5.960464477539063e-08
4.875659942632504e-05,0.8895405669599218,3.218650817926605e-06,5.551115123125783e-17
4.976987838750668e-05,0.8885630498533724,3.0696392059881283e-06,2.9802322443206464e-08
5.075335502624512e-05,0.8875855327468231,2.9802322387695312e-06,8.940696716308594e-08
5.170702934265137e-05,0.8866080156402737,2.8312206268310547e-06,2.9802322387695312e-08
5.260109901428223e-05,0.8856304985337243,2.7418136596679688e-06,0.0
5.355477333068848e-05,0.884652981427175,2.652406692504883e-06,5.960464477539063e-08
5.435943603515625e-05,0.8836754643206256,2.5033950805664062e-06,2.9802322387695312e-08
5.525350570678711e-05,0.8826979472140762,2.443790435791016e-06,5.960464477539063e-08
5.608797073364258e-05,0.8817204301075269,2.3543834686279297e-06,5.960464477539063e-08
5.683302879333496e-05,0.8807429130009775,2.205371856689453e-06,0.0
5.7578086853027344e-05,0.8797653958944281,2.086162567138672e-06,0.0
5.8323144912719727e-05,0.8787878787878788,1.96695327758789e-06,2.9802322387695312e-08
5.909800529485532e-05,0.8778103616813294,1.9371509552557065e-06,5.960464483090178e-08
5.969405174260922e-05,0.8768328445747801,1.7583370209295346e-06,2.9802322443206464e-08
6.04093074798584e-05,0.8758553274682307,1.728534698486328e-06,8.940696716308594e-08
6.0945749282836914e-05,0.8748778103616813,1.5497207641601562e-06,5.960464477539063e-08
6.151199340825864e-05,0.873900293255132,1.4901161194402768e-06,5.960464483090178e-08
6.207823753362485e-05,0.8729227761485826,1.4007091522771908e-06,8.940696721859709e-08
6.252527236944028e-05,0.8719452590420332,1.311302185114105e-06,5.960464483090178e-08
6.303191184997559e-05,0.8709677419354839,1.2218952178955078e-06,5.960464477539063e-08
6.344914436340332e-05,0.8699902248289345,1.132488250732422e-06,2.9802322387695312e-08
6.386637687688657e-05,0.8690127077223851,1.0728836060125424e-06,2.9802322443206464e-08
6.42240047454834e-05,0.8680351906158358,9.83476638793945e-07,8.940696716308594e-08
6.455183029180356e-05,0.8670576735092864,8.642673492986752e-07,-2.980232233218416e-08
6.49094581604559e-05,0.8660801564027371,8.642673492986752e-07,8.940696721859709e-08
6.517767906194516e-05,0.8651026392961877,7.45058059747894e-07,2.9802322443206464e-08
6.532669067388364e-05,0.8641251221896383,6.854534149725033e-07,5.551115123125783e-17
6.562471389776059e-05,0.863147605083089,6.55651092584808e-07,8.940696721859709e-08
6.574392318725586e-05,0.8621700879765396,5.960464477539062e-07,8.940696716308594e-08
6.595253944402524e-05,0.8611925708699902,5.662441254217221e-07,8.940696721859709e-08
6.604194641113281e-05,0.8602150537634409,4.76837158203125e-07,5.960464477539063e-08
6.61313533782959e-05,0.8592375366568915,4.76837158203125e-07,5.960464477539063e-08
6.613135337835141e-05,0.8582600195503421,3.576278687078549e-07,2.9802322443206464e-08
6.61611557006836e-05,0.8572825024437928,3.5762786865234375e-07,8.940696716308594e-08
6.61611557006836e-05,0.8563049853372434,2.980232238769531e-07,2.9802322387695312e-08
6.607174873352051e-05,0.855327468230694,2.086162567138672e-07,2.9802322387695312e-08
6.601214408874512e-05,0.8543499511241447,2.384185791015625e-07,5.960464477539063e-08
6.586313247680664e-05,0.8533724340175953,1.4901161193847656e-07,5.960464477539063e-08
6.577372550969907e-05,0.852394916911046,1.7881393438168305e-07,8.940696721859709e-08
6.55353069305975e-05,0.8514173998044966,1.4901161199398774e-07,5.551115123125783e-17
6.538629531860352e-05,0.8504398826979472,8.940696716308595e-08,2.9802322387695312e-08
6.514787673955746e-05,0.8494623655913979,8.94069672185971e-08,2.9802322443206464e-08
6.48796558380127e-05,0.8484848484848485,1.1920928955078125e-07,8.940696716308594e-08
6.458163261413574e-05,0.8475073313782991,2.9802322387695312e-08,0.0
6.42538070678711e-05,0.8465298142717498,5.960464477539064e-08,0.0
6.395578384404965e-05,0.8455522971652004,2.9802322443206464e-08,5.960464483090178e-08
6.356835365300961e-05,0.844574780058651,8.94069672185971e-08,8.940696721859709e-08
6.318092346191406e-05,0.8435972629521017,0.0,5.960464477539063e-08
6.276369094854184e-05,0.8426197458455523,2.9802322443206464e-08,2.9802322443206464e-08
6.231665611272641e-05,0.841642228739003,5.960464483090179e-08,5.960464483090178e-08
6.186962127685547e-05,0.8406647116324536,5.960464477539064e-08,2.9802322387695312e-08
6.133317947387695e-05,0.8396871945259042,8.940696716308595e-08,5.960464477539063e-08
6.085634231572934e-05,0.8387096774193549,1.192092896062924e-07,5.960464483090178e-08
6.031990051275082e-05,0.8377321603128055,8.94069672185971e-08,8.940696721859709e-08
5.97834587097168e-05,0.8367546432062561,1.1920928955078125e-07,5.960464477539063e-08
5.91576099395752e-05,0.8357771260997068,5.960464477539064e-08,0.0
5.85615634918768e-05,0.8347996089931574,1.192092896062924e-07,8.940696721859709e-08
5.790591239929199e-05,0.833822091886608,1.1920928955078125e-07,0.0
5.73098659515936e-05,0.8328445747800587,1.4901161199398774e-07,8.940696721859709e-08
5.662441253662109e-05,0.8318670576735093,2.086162567138672e-07,2.9802322387695312e-08
5.59389591217041e-05,0.83088954056696,2.980232238769531e-07,2.9802322387695312e-08
5.5283308029174805e-05,0.8299120234604106,2.086162567138672e-07,5.960464477539063e-08
5.456805229192563e-05,0.8289345063538612,2.6822090154476896e-07,5.551115123125783e-17
5.382299423217773e-05,0.8279569892473118,3.278255462646485e-07,5.960464477539063e-08
5.310773849487305e-05,0.8269794721407624,3.5762786865234375e-07,2.9802322387695312e-08
5.2362680435236175e-05,0.826001955034213,4.172325134832455e-07,2.9802322443206464e-08
5.15282154083252e-05,0.8250244379276637,3.8743019104003917e-07,0.0
5.081295967107602e-05,0.8240469208211143,5.066394806463315e-07,5.960464483090178e-08
5.0008296966608246e-05,0.8230694037145649,4.4703483587094084e-07,2.9802322443206464e-08
4.926323890691586e-05,0.8220918866080156,5.960464478094174e-07,1.192092896062924e-07
4.8369169235285e-05,0.8211143695014662,5.960464478094174e-07,2.9802322443206464e-08
4.756450653076172e-05,0.8201368523949168,6.556510925292969e-07,2.9802322387695312e-08
4.673004150390625e-05,0.8191593352883675,6.556510925292969e-07,2.9802322387695312e-08
4.589557647710629e-05,0.8181818181818181,6.854534149725033e-07,5.551115123125783e-17
4.503130912780762e-05,0.8172043010752688,8.046627044677734e-07,5.960464477539063e-08
4.413723945623227e-05,0.8162267839687194,8.642673492986752e-07,2.9802322443206464e-08
4.327297210698911e-05,0.81524926686217,7.748603821355893e-07,5.551115123125783e-17
4.240870475774594e-05,0.8142717497556207,9.238719940740658e-07,5.960464483090178e-08
4.157423973083496e-05,0.8132942326490713,9.83476638793945e-07,0.0
4.0650367736816406e-05,0.8123167155425219,1.043081283569336e-06,2.9802322387695312e-08
3.972649574285336e-05,0.8113391984359726,1.043081283624847e-06,-2.980232233218416e-08
3.883242607116699e-05,0.8103616813294232,1.1026859283447266e-06,2.9802322387695312e-08
3.796815872192383e-05,0.8093841642228738,1.1920928955078125e-06,2.9802322387695312e-08
3.707408905029297e-05,0.8084066471163245,1.2218952178955078e-06,2.9802322387695312e-08
3.6209821701049805e-05,0.8074291300097751,1.2218952178955078e-06,-2.9802322387695312e-08
3.5315752029418945e-05,0.8064516129032258,1.3113021850585938e-06,5.960464477539063e-08
3.4332275390625e-05,0.8054740957966764,1.2814998626708984e-06,0.0
3.343820571904965e-05,0.804496578690127,1.4007091522771908e-06,5.551115123125783e-17
3.260374069213867e-05,0.8035190615835777,1.4901161193847656e-06,5.960464477539063e-08
3.170967102050781e-05,0.8025415444770283,1.4901161193847656e-06,0.0
3.084540367126465e-05,0.8015640273704789,1.519918441772461e-06,2.9802322387695312e-08
2.995133399963379e-05,0.8005865102639296,1.6391277313232422e-06,2.9802322387695312e-08
2.9087066650446136e-05,0.7996089931573802,1.6689300537664489e-06,5.551115123125783e-17
2.816319465642758e-05,0.7986314760508308,1.698732376154144e-06,5.551115123125783e-17
2.7298927307128903e-05,0.7976539589442815,1.7583370208740234e-06,2.9802322387695312e-08
2.6434659957885746e-05,0.7966764418377321,1.7583370208740234e-06,0.0
2.5510787963867188e-05,0.7956989247311828,1.7881393432617188e-06,-2.9802322387695312e-08
2.4765729904174805e-05,0.7947214076246334,1.8477439880371092e-06,0.0
2.396106719970703e-05,0.793743890518084,1.877546310424805e-06,2.9802322387695312e-08
2.3066997528131683e-05,0.7927663734115347,1.9669532776434018e-06,2.9802322443206464e-08
2.229213714599609e-05,0.7917888563049853,2.026557922363281e-06,2.9802322387695312e-08
2.1457672119140625e-05,0.7908113391984359,1.996755599975586e-06,-2.9802322387695312e-08
2.0653009414728363e-05,0.7898338220918866,2.056360244806488e-06,2.9802322443206464e-08
1.97887420654852e-05,0.7888563049853372,2.0265579224187924e-06,-2.980232233218416e-08
1.901388168334961e-05,0.7878787878787878,2.115964889526367e-06,0.0
1.823902130126953e-05,0.7869012707722385,2.115964889526367e-06,-2.9802322387695312e-08
1.7523765564020355e-05,0.7859237536656891,2.175569534357269e-06,-8.940696710757479e-08
1.6808509826715667e-05,0.7849462365591398,2.2053718567449643e-06,5.551115123125783e-17
1.6033649444580078e-05,0.7839687194525904,2.205371856689453e-06,-5.960464477539063e-08
1.5407800674438477e-05,0.782991202346041,2.2351741790771484e-06,-5.960464477539063e-08
1.4662742614801603e-05,0.7820136852394917,2.2947788239080502e-06,5.551115123125783e-17
1.4036893844660003e-05,0.7810361681329423,2.354383468683441e-06,2.9802322443206464e-08
1.3321638107355316e-05,0.7800586510263929,2.324581146295745e-06,5.960464483090178e-08
1.272559165960141e-05,0.7790811339198436,2.384185791071136e-06,2.9802322443206464e-08
1.2040138244628906e-05,0.7781036168132942,2.443790435791016e-06,0.0
1.1414289474542816e-05,0.7771260997067448,2.384185791071136e-06,5.551115123125783e-17
1.0818243026733398e-05,0.7761485826001955,2.443790435791016e-06,0.0
1.031160354619809e-05,0.7751710654936461,2.5033950806219174e-06,5.960464483090178e-08
9.715557098444185e-06,0.7741935483870968,2.473592758234222e-06,2.9802322443206464e-08
9.208917617797852e-06,0.7732160312805474,2.562999725341797e-06,2.9802322387695312e-08
8.612871170043945e-06,0.772238514173998,2.473592758178711e-06,2.9802322387695312e-08
8.13603401184082e-06,0.7712609970674487,2.5331974029541016e-06,5.960464477539063e-08
7.659196853693206e-06,0.7702834799608993,2.5033950806219174e-06,2.9802322443206464e-08
7.212162017822266e-06,0.7693059628543499,2.5033950805664062e-06,2.9802322387695312e-08
6.735324859619141e-06,0.7683284457478006,2.5331974029541016e-06,0.0
6.377696991022308e-06,0.7673509286412512,2.5331974030096127e-06,2.9802322443206464e-08
5.990266799982269e-06,0.7663734115347018,2.6226043701726987e-06,5.960464483090178e-08
5.573034286499024e-06,0.7653958944281525,2.5033950805664062e-06,2.9802322387695312e-08
5.215406417902191e-06,0.7644183773216031,2.5033950806219174e-06,5.551115123125783e-17
4.887580871637542e-06,0.7634408602150538,2.5331974030096127e-06,2.9802322443206464e-08
4.619359970148285e-06,0.7624633431085044,2.5331974030096127e-06,2.9802322443206464e-08
4.32133674621582e-06,0.761485826001955,2.562999725341797e-06,5.960464477539063e-08
4.112720489501953e-06,0.7605083088954057,2.562999725341797e-06,8.940696716308594e-08
3.844499588068207e-06,0.7595307917888563,2.5331974030096127e-06,8.940696721859709e-08
3.635883331298828e-06,0.7585532746823069,2.5331974029541016e-06,5.960464477539063e-08
3.457069396972656e-06,0.7575757575757576,2.5033950805664062e-06,2.9802322387695312e-08
3.2782554626464844e-06,0.7565982404692082,2.443790435791016e-06,0.0
3.1590461731512143e-06,0.7556207233626588,2.4437904358465268e-06,2.9802322443206464e-08
3.0100345611572266e-06,0.7546432062561095,2.4139881134033203e-06,0.0
2.86102294921875e-06,0.7536656891495601,2.3543834686279297e-06,-2.9802322387695312e-08
2.80141830444336e-06,0.7526881720430108,2.384185791015625e-06,5.960464477539063e-08
2.861022949274261e-06,0.7517106549364614,2.4139881134588315e-06,8.940696721859709e-08
2.771615982055664e-06,0.750733137829912,2.3543834686279297e-06,0.0
2.771615982055664e-06,0.7497556207233627,2.294778823852539e-06,0.0
2.861022949274261e-06,0.7487781036168133,2.2947788239080502e-06,2.9802322443206464e-08
2.8908252716619565e-06,0.7478005865102639,2.23517417913266e-06,2.9802322443206464e-08
2.9802322387695312e-06,0.7468230694037146,2.2351741790771484e-06,5.960464477539063e-08
3.129243850708008e-06,0.7458455522971652,2.264976501464844e-06,2.9802322387695312e-08
3.248453140258789e-06,0.7448680351906158,2.175569534301758e-06,8.940696716308594e-08
3.427267074640472e-06,0.7438905180840665,2.1457672119695737e-06,5.960464483090178e-08
3.635883331298828e-06,0.7429130009775171,2.175569534301758e-06,5.960464477539063e-08
3.814697265625e-06,0.7419354838709677,2.056360244750977e-06,2.9802322387695312e-08
4.142522811889648e-06,0.7409579667644184,2.115964889526367e-06,1.1920928955078125e-07
4.351139068603516e-06,0.739980449657869,1.996755599975586e-06,8.940696716308594e-08
4.589557647705078e-06,0.7390029325513197,1.9073486328125e-06,0.0
5.0067901611328125e-06,0.7380254154447703,1.96695327758789e-06,1.1920928955078125e-07
5.364418029785156e-06,0.7370478983382209,1.9371509552001957e-06,1.7881393432617188e-07
5.632638931329925e-06,0.7360703812316716,1.8179416657049248e-06,2.9802322443206464e-08
6.1392784119207455e-06,0.7350928641251222,1.877546310480316e-06,5.960464483090178e-08
6.496906280573089e-06,0.7341153470185728,1.78813934331723e-06,2.9802322443206464e-08
6.943941116333008e-06,0.7331378299120235,1.6987323760986328e-06,0.0
7.420778274591644e-06,0.7321603128054741,1.7583370209295346e-06,5.960464483090178e-08
7.808208465576172e-06,0.7311827956989247,1.6093254089355469e-06,0.0
8.463859558105469e-06,0.7302052785923754,1.6391277313232422e-06,2.9802322387695312e-08
8.970499038696289e-06,0.729227761485826,1.5795230865478516e-06,2.9802322387695312e-08
9.536743164118013e-06,0.7282502443792767,1.519918441827972e-06,5.960464483090178e-08
1.0102987289484222e-05,0.7272727272727273,1.4305114746648862e-06,5.551115123125783e-17
1.0788440704345705e-05,0.7262952101661779,1.4603137969970703e-06,1.1920928955078125e-07
1.1473894119318206e-05,0.7253176930596286,1.4901161194402768e-06,8.940696721859709e-08
1.2159347534179688e-05,0.7243401759530792,1.3709068298339844e-06,8.940696716308594e-08
1.2785196304321287e-05,0.7233626588465298,1.341104507446289e-06,5.960464477539063e-08
1.3500452041681488e-05,0.7223851417399805,1.311302185114105e-06,2.9802322443206464e-08
1.4215707778930664e-05,0.7214076246334311,1.2516975402832031e-06,5.960464477539063e-08
1.5020370483398438e-05,0.7204301075268817,1.1920928955078125e-06,5.960464477539063e-08
1.576542854309082e-05,0.7194525904203324,1.132488250732422e-06,2.9802322387695312e-08
1.6629695892389496e-05,0.718475073313783,1.1622905731756283e-06,8.940696721859709e-08
1.7464160919244964e-05,0.7174975562072337,1.0728836060125424e-06,5.960464483090178e-08
1.8358230590820312e-05,0.7165200391006843,1.0132789611816406e-06,5.960464477539063e-08
1.91628932953436e-05,0.7155425219941349,9.536743164617612e-07,8.940696721859709e-08
2.0146369934137542e-05,0.7145650048875856,9.834766388494565e-07,1.192092896062924e-07
2.104043960571289e-05,0.7135874877810362,9.238719940185548e-07,8.940696716308594e-08
2.193450927734375e-05,0.7126099706744868,8.642673492431641e-07,2.9802322387695312e-08
2.297759056091309e-05,0.7116324535679375,8.940696716308594e-07,1.1920928955078125e-07
2.390146255493164e-05,0.7106549364613881,7.748603820800781e-07,5.960464477539063e-08
2.4884939193781097e-05,0.7096774193548387,7.152557373601987e-07,2.9802322443206464e-08
2.5957822799682617e-05,0.7086999022482894,7.748603820800781e-07,1.1920928955078125e-07
2.703070640563965e-05,0.70772238514174,7.450580596923828e-07,1.1920928955078125e-07
2.8073787689264496e-05,0.7067448680351907,7.152557373601987e-07,8.940696721859709e-08
2.9087066650390625e-05,0.7057673509286413,5.960464477539062e-07,5.960464477539063e-08
3.0159950256347656e-05,0.7047898338220919,5.960464477539062e-07,8.940696716308594e-08
3.1381845474243164e-05,0.7038123167155426,6.556510925292969e-07,1.1920928955078125e-07
3.24249267578125e-05,0.7028347996089932,5.066394805908203e-07,8.940696716308594e-08
3.358721733093262e-05,0.7018572825024438,4.76837158203125e-07,2.9802322387695312e-08
3.471970558172055e-05,0.7008797653958945,4.768371582586362e-07,5.960464483090178e-08
3.585219383245297e-05,0.6999022482893451,3.874301910955502e-07,5.960464483090178e-08
3.707408905029297e-05,0.6989247311827957,3.5762786865234375e-07,2.9802322387695312e-08
3.832578659057617e-05,0.6979472140762464,3.8743019104003917e-07,2.9802322387695312e-08
3.9517879486083984e-05,0.696969696969697,3.5762786865234375e-07,0.0
4.079937934875488e-05,0.6959921798631477,3.5762786865234375e-07,8.940696716308594e-08
4.202127456665039e-05,0.6950146627565983,2.682209014892578e-07,5.960464477539063e-08
4.324316978460141e-05,0.6940371456500489,2.3841857915707365e-07,5.551115123125783e-17
4.45246696472168e-05,0.6930596285434996,2.384185791015625e-07,0.0
4.595518112188168e-05,0.6920821114369502,2.980232239324643e-07,1.192092896062924e-07
4.711747169494629e-05,0.6911045943304008,2.086162567138672e-07,0.0
4.84287738800604e-05,0.6901270772238515,2.0861625676937837e-07,2.9802322443206464e-08
4.979968070983887e-05,0.6891495601173021,1.4901161193847656e-07,2.9802322387695312e-08
5.114078521728516e-05,0.6881720430107527,1.4901161193847656e-07,2.9802322387695312e-08
5.245208740234375e-05,0.6871945259042034,1.788139343261719e-07,0.0
5.379319190984555e-05,0.686217008797654,1.7881393438168305e-07,5.960464483090178e-08
5.513429641723633e-05,0.6852394916911047,1.788139343261719e-07,0.0
5.6564807891901214e-05,0.6842619745845553,2.0861625676937837e-07,5.960464483090178e-08
5.796551704406738e-05,0.6832844574780059,1.788139343261719e-07,8.940696716308594e-08
5.933642387395688e-05,0.6823069403714566,1.7881393438168305e-07,5.960464483090178e-08
6.070733070373535e-05,0.6813294232649072,2.384185791015625e-07,5.960464477539063e-08
6.204843521118164e-05,0.6803519061583578,1.788139343261719e-07,2.9802322387695312e-08
6.350874900823422e-05,0.6793743890518085,1.7881393438168305e-07,5.960464483090178e-08
6.490945816040039e-05,0.6783968719452591,2.086162567138672e-07,5.960464477539063e-08
6.628036499028989e-05,0.6774193548387097,2.0861625676937837e-07,8.940696721859709e-08
6.774067878728696e-05,0.6764418377321604,1.4901161199398774e-07,2.9802322443206464e-08
6.920099258428403e-05,0.675464320625611,2.6822090154476896e-07,5.960464483090178e-08
7.06017017364502e-05,0.6744868035190617,2.384185791015625e-07,0.0
7.206201553344727e-05,0.6735092864125123,2.682209014892578e-07,5.960464477539063e-08
7.343292236328125e-05,0.6725317693059629,2.682209014892578e-07,0.0
7.477402687078305e-05,0.6715542521994136,2.0861625676937837e-07,2.9802322443206464e-08
7.623434066778012e-05,0.6705767350928642,2.980232239324643e-07,-5.9604644719879474e-08
7.769465446477719e-05,0.6695992179863148,3.278255463201596e-07,5.551115123125783e-17
7.918477058410645e-05,0.6686217008797655,3.5762786865234375e-07,5.960464477539063e-08
8.052587509160825e-05,0.6676441837732161,3.576278687078549e-07,5.551115123125783e-17
8.192658424382993e-05,0.6666666666666667,4.172325134832455e-07,5.551115123125783e-17
8.338689804077148e-05,0.6656891495601174,4.76837158203125e-07,2.9802322387695312e-08
8.475780487060547e-05,0.664711632453568,4.172325134277344e-07,0.0
8.618831634527035e-05,0.6637341153470186,4.768371582586362e-07,-5.9604644719879474e-08
8.770823478704282e-05,0.6627565982404693,5.960464478094174e-07,-2.980232233218416e-08
8.90791416168768e-05,0.6617790811339199,6.854534149725033e-07,2.9802322443206464e-08
9.047985076909848e-05,0.6608015640273706,6.854534149725033e-07,8.940696721859709e-08
9.188055992126463e-05,0.6598240469208212,6.556510925292969e-07,0.0
9.331107139592952e-05,0.6588465298142718,7.45058059747894e-07,2.9802322443206464e-08
9.462237358093262e-05,0.6578690127077225,7.748603820800781e-07,2.9802322387695312e-08
9.6052885055542e-05,0.6568914956011731,7.748603820800781e-07,0.0
9.742379188543147e-05,0.6559139784946236,9.238719940740658e-07,5.960464483090178e-08
9.879469871520996e-05,0.6549364613880743,9.238719940185548e-07,2.9802322387695312e-08
0.000100165605545,0.6539589442815249,9.5367431640625e-07,-2.9802322387695312e-08
0.0001015067100524,0.6529814271749755,1.0132789611816406e-06,0.0
0.0001029074192047,0.6520039100684262,1.1622905731201172e-06,1.1920928955078125e-07
0.000104159116745,0.6510263929618768,1.132488250787933e-06,5.551115123125783e-17
0.0001054406166076,0.6500488758553274,1.1920928955078125e-06,5.960464477539063e-08
0.0001068413257598,0.6490713587487781,1.2814998626708984e-06,5.960464477539063e-08
0.0001080930233002,0.6480938416422287,1.4007091522771908e-06,8.940696721859709e-08
0.0001094341278076,0.6471163245356794,1.4603137969970703e-06,5.960464477539063e-08
0.0001106858253479,0.64613880742913,1.519918441827972e-06,2.9802322443206464e-08
0.0001119375228882,0.6451612903225806,1.5795230866033627e-06,5.551115123125783e-17
0.0001131594181061,0.6441837732160313,1.698732376154144e-06,5.960464483090178e-08
0.0001144111156464,0.6432062561094819,1.7285346985418393e-06,5.960464483090178e-08
0.0001156032085419,0.6422287390029325,1.7583370209295346e-06,2.9802322443206464e-08
0.0001167654991149,0.6412512218963832,1.8477439880371092e-06,2.9802322387695312e-08
0.0001179873943328,0.6402737047898338,1.9073486328125e-06,0.0
0.0001190900802612,0.6392961876832844,2.0265579224187924e-06,-5.9604644719879474e-08
0.0001202821731567,0.6383186705767351,2.056360244806488e-06,5.960464483090178e-08
0.0001214146614074,0.6373411534701857,2.115964889526367e-06,0.0
0.0001225173473358,0.6363636363636364,2.175569534357269e-06,5.551115123125783e-17
0.0001236498355866,0.635386119257087,2.264976501520355e-06,5.551115123125783e-17
0.0001246929168701,0.6344086021505376,2.3245811462402344e-06,0.0
0.000125765800476,0.6334310850439883,2.443790435791016e-06,0.0
0.000126838684082,0.6324535679374389,2.443790435791016e-06,-5.960464477539063e-08
0.0001278519630432,0.6314760508308895,2.6226043701171875e-06,0.0
0.0001288652420043,0.6304985337243402,2.682209014892578e-06,0.0
0.0001298785209655,0.6295210166177908,2.80141830444336e-06,5.960464477539063e-08
0.0001307725906372,0.6285434995112414,2.86102294921875e-06,5.960464477539063e-08
0.0001316666603088,0.6275659824046921,3.039836883544922e-06,0.0
0.0001327395439147,0.6265884652981427,3.159046173095703e-06,1.1920928955078125e-07
0.0001335144042968,0.6256109481915934,3.0994415283203125e-06,0.0
0.0001344680786132,0.624633431085044,3.2186508178710938e-06,1.1920928955078125e-07
0.0001353621482849,0.6236559139784946,3.3974647521972656e-06,5.960464477539063e-08
0.0001361370086669,0.6226783968719453,3.3974647521972656e-06,0.0
0.000136911869049,0.6217008797653959,3.516674041748047e-06,0.0
0.0001376867294311,0.6207233626588465,3.457069396972656e-06,0.0
0.0001384615898132,0.6197458455522972,3.635883331298828e-06,0.0
0.0001392364501953,0.6187683284457478,3.814697265625e-06,5.960464477539063e-08
0.0001399517059326,0.6177908113391984,3.933906555175781e-06,1.1920928955078125e-07
0.0001406073570251,0.6168132942326491,3.874301910400391e-06,-5.960464477539063e-08
0.0001412034034729,0.6158357771260997,4.0531158447265625e-06,0.0
0.0001419186592102,0.6148582600195504,4.231929779052734e-06,1.1920928955078125e-07
0.0001425147056579,0.613880742913001,4.291534423828125e-06,5.960464477539063e-08
0.0001430511474609,0.6129032258064516,4.291534423828125e-06,5.960464477539063e-08
0.0001436471939086,0.6119257086999023,4.470348358154297e-06,1.1920928955078125e-07
0.0001441836357116,0.6109481915933529,4.529953002929688e-06,0.0
0.0001446604728698,0.6099706744868035,4.529953002929688e-06,5.960464477539063e-08
0.000145137310028,0.6089931573802542,4.708766937255859e-06,0.0
0.0001455545425415,0.6080156402737048,4.76837158203125e-06,5.960464477539063e-08
0.0001460313796997,0.6070381231671554,4.887580871582031e-06,5.960464477539063e-08
0.0001463890075683,0.6060606060606061,4.947185516357422e-06,0.0
0.000146746635437,0.6050830889540567,5.066394805908203e-06,5.960464477539063e-08
0.0001471042633056,0.6041055718475073,5.125999450683594e-06,1.1920928955078125e-07
0.0001474022865295,0.603128054740958,5.185604095458984e-06,5.960464477539063e-08
0.0001477003097534,0.6021505376344086,5.304813385009766e-06,1.1920928955078125e-07
0.0001478791236877,0.6011730205278593,5.364418029785156e-06,0.0
0.0001481771469116,0.6001955034213099,5.4836273193359375e-06,5.960464477539063e-08
0.0001483559608459,0.5992179863147605,5.4836273193359375e-06,0.0
0.000148594379425,0.5982404692082112,5.662441253662109e-06,5.960464477539063e-08
0.0001486539840698,0.5972629521016618,5.781650543212891e-06,5.960464477539063e-08
0.0001487731933593,0.5962854349951124,5.7220458984375e-06,5.960464477539063e-08
0.0001488924026489,0.5953079178885631,5.900859832763672e-06,5.960464477539063e-08
0.0001488327980041,0.5943304007820137,5.900859832763672e-06,5.960464477539063e-08
0.0001489520072937,0.5933528836754643,5.960464477539063e-06,5.960464477539063e-08
0.0001488924026489,0.5923753665689149,6.258487701416016e-06,1.7881393432617188e-07
0.0001488327980041,0.5913978494623655,6.139278411865234e-06,5.960464477539063e-08
0.0001487731933593,0.5904203323558161,6.258487701416016e-06,1.1920928955078125e-07
0.0001487135887145,0.5894428152492668,6.318092346191406e-06,1.1920928955078125e-07
0.000148594379425,0.5884652981427174,6.437301635742188e-06,1.7881393432617188e-07
0.0001484155654907,0.587487781036168,6.496906280517578e-06,1.1920928955078125e-07
0.0001482963562011,0.5865102639296187,6.556510925292969e-06,1.1920928955078125e-07
0.000148057937622,0.5855327468230693,6.616115570068359e-06,1.1920928955078125e-07
0.0001478195190429,0.58455522971652,6.67572021484375e-06,1.1920928955078125e-07
0.000147521495819,0.5835777126099706,6.67572021484375e-06,1.1920928955078125e-07
0.0001471638679504,0.5826001955034212,6.794929504394531e-06,5.960464477539063e-08
0.0001469254493713,0.5816226783968719,6.854534149169922e-06,2.384185791015625e-07
0.0001465082168579,0.5806451612903225,6.854534149169922e-06,5.960464477539063e-08
0.000146210193634,0.5796676441837731,7.033348083496094e-06,2.384185791015625e-07
0.0001457333564758,0.5786901270772238,7.033348083496094e-06,1.1920928955078125e-07
0.0001451969146728,0.5777126099706744,6.973743438720703e-06,0.0
0.0001448392868041,0.576735092864125,7.152557373046875e-06,1.1920928955078125e-07
0.0001443028450012,0.5757575757575757,7.152557373046875e-06,1.1920928955078125e-07
0.0001437067985534,0.5747800586510263,7.152557373046875e-06,5.960464477539063e-08
0.0001432299613952,0.573802541544477,7.271766662597656e-06,1.1920928955078125e-07
0.0001426339149475,0.5728250244379276,7.271766662597656e-06,1.1920928955078125e-07
0.0001419782638549,0.5718475073313782,7.331371307373047e-06,5.960464477539063e-08
0.0001413226127624,0.5708699902248289,7.331371307373047e-06,1.1920928955078125e-07
0.0001407861709594,0.5698924731182795,7.450580596923828e-06,1.7881393432617188e-07
0.0001399517059326,0.5689149560117301,7.390975952148437e-06,1.1920928955078125e-07
0.0001392364501953,0.5679374389051808,7.390975952148437e-06,1.1920928955078125e-07
0.0001384615898132,0.5669599217986314,7.450580596923828e-06,1.1920928955078125e-07
0.0001377463340759,0.565982404692082,7.510185241699219e-06,1.1920928955078125e-07
0.0001369714736938,0.5650048875855327,7.569789886474609e-06,1.7881393432617188e-07
0.0001362562179565,0.5640273704789833,7.62939453125e-06,1.7881393432617188e-07
0.0001353621482849,0.563049853372434,7.62939453125e-06,1.7881393432617188e-07
0.0001344084739685,0.5620723362658846,7.62939453125e-06,1.7881393432617188e-07
0.0001335144042968,0.5610948191593352,7.62939453125e-06,1.7881393432617188e-07
0.00013267993927,0.5601173020527859,7.68899917602539e-06,1.7881393432617188e-07
0.0001316666603088,0.5591397849462365,7.62939453125e-06,1.1920928955078125e-07
0.0001306533813476,0.5581622678396871,7.62939453125e-06,1.7881393432617188e-07
0.0001296997070312,0.5571847507331378,7.68899917602539e-06,1.1920928955078125e-07
0.0001286268234252,0.5562072336265884,7.62939453125e-06,1.7881393432617188e-07
0.0001276731491088,0.555229716520039,7.68899917602539e-06,2.384185791015625e-07
0.0001265406608581,0.5542521994134897,7.68899917602539e-06,1.7881393432617188e-07
0.0001254677772521,0.5532746823069403,7.62939453125e-06,1.7881393432617188e-07
0.0001243352890014,0.552297165200391,7.62939453125e-06,1.1920928955078125e-07
0.0001232028007507,0.5513196480938416,7.62939453125e-06,1.7881393432617188e-07
0.0001220703125,0.5503421309872922,7.62939453125e-06,1.1920928955078125e-07
0.0001208186149597,0.5493646138807429,7.510185241699219e-06,1.1920928955078125e-07
0.0001197457313537,0.5483870967741935,7.569789886474609e-06,1.7881393432617188e-07
0.0001184344291687,0.5474095796676441,7.510185241699219e-06,1.1920928955078125e-07
0.0001172423362731,0.5464320625610948,7.510185241699219e-06,1.1920928955078125e-07
0.0001159906387329,0.5454545454545454,7.569789886474609e-06,2.384185791015625e-07
0.0001147985458374,0.544477028347996,7.510185241699219e-06,1.1920928955078125e-07
0.0001134276390075,0.5434995112414467,7.450580596923828e-06,5.960464477539063e-08
0.0001121759414672,0.5425219941348973,7.510185241699219e-06,1.7881393432617188e-07
0.0001108646392822,0.541544477028348,7.390975952148437e-06,1.1920928955078125e-07
0.0001094341278076,0.5405669599217986,7.331371307373047e-06,0.0
0.0001080632209777,0.5395894428152492,7.271766662597656e-06,5.960464477539063e-08
0.0001066923141479,0.5386119257086999,7.271766662597656e-06,5.960464477539063e-08
0.0001053810119628,0.5376344086021505,7.331371307373047e-06,1.1920928955078125e-07
0.0001039505004882,0.5366568914956011,7.212162017822266e-06,1.1920928955078125e-07
0.0001025199890136,0.5356793743890518,7.092952728271484e-06,5.960464477539063e-08
0.0001011490821838,0.5347018572825024,7.092952728271484e-06,1.1920928955078125e-07
9.97781753540039e-05,0.533724340175953,7.152557373046875e-06,2.384185791015625e-07
9.828805923461914e-05,0.5327468230694037,7.033348083496094e-06,5.960464477539063e-08
9.691715240478516e-05,0.5317693059628543,7.033348083496094e-06,1.7881393432617188e-07
9.5367431640625e-05,0.530791788856305,6.9141387939453125e-06,1.1920928955078125e-07
9.393692016601562e-05,0.5298142717497556,6.973743438720703e-06,2.384185791015625e-07
9.238719940185548e-05,0.5288367546432062,6.735324859619141e-06,1.1920928955078125e-07
9.08970832824707e-05,0.5278592375366569,6.735324859619141e-06,5.960464477539063e-08
8.940696716308594e-05,0.5268817204301075,6.67572021484375e-06,1.7881393432617188e-07
8.785724639892578e-05,0.5259042033235581,6.556510925292969e-06,5.960464477539063e-08
8.64267349243164e-05,0.5249266862170088,6.616115570068359e-06,1.1920928955078125e-07
8.487701416015625e-05,0.5239491691104594,6.496906280517578e-06,5.960464477539063e-08
8.338689804077148e-05,0.52297165200391,6.496906280517578e-06,1.1920928955078125e-07
8.183717727661133e-05,0.5219941348973607,6.318092346191406e-06,5.960464477539063e-08
8.034706115722656e-05,0.5210166177908113,6.318092346191406e-06,1.7881393432617188e-07
7.873773574829102e-05,0.520039100684262,6.318092346191406e-06,1.1920928955078125e-07
7.712841033935547e-05,0.5190615835777126,6.139278411865234e-06,5.960464477539063e-08
7.56382942199707e-05,0.5180840664711632,6.079673767089844e-06,5.960464477539063e-08
7.408857345581055e-05,0.5171065493646139,6.020069122314453e-06,1.1920928955078125e-07
7.253885269165039e-05,0.5161290322580645,5.900859832763672e-06,5.960464477539063e-08
7.098913192749023e-05,0.5151515151515151,5.781650543212891e-06,0.0
6.949901580810547e-05,0.5141739980449658,5.781650543212891e-06,1.7881393432617188e-07
6.788969039916992e-05,0.5131964809384164,5.7220458984375e-06,1.1920928955078125e-07
6.633996963500977e-05,0.512218963831867,5.602836608886719e-06,5.960464477539063e-08
6.479024887084961e-05,0.5112414467253177,5.602836608886719e-06,1.7881393432617188e-07
6.318092346191406e-05,0.5102639296187683,5.424022674560547e-06,5.960464477539063e-08
6.175041198730469e-05,0.509286412512219,5.364418029785156e-06,5.960464477539063e-08
6.014108657836914e-05,0.5083088954056696,5.245208740234375e-06,5.960464477539063e-08
5.8650970458984375e-05,0.5073313782991202,5.245208740234375e-06,1.1920928955078125e-07
5.716085433959961e-05,0.5063538611925709,5.125999450683594e-06,1.1920928955078125e-07
5.555152893066406e-05,0.5053763440860215,5.0067901611328125e-06,5.960464477539063e-08
5.40614128112793e-05,0.5043988269794721,4.947185516357422e-06,5.960464477539063e-08
5.251169204711914e-05,0.5034213098729228,4.76837158203125e-06,-5.960464477539063e-08
5.1021575927734375e-05,0.5024437927663734,4.76837158203125e-06,5.960464477539063e-08
4.9591064453125e-05,0.501466275659824,4.708766937255859e-06,1.1920928955078125e-07
4.810094833374024e-05,0.5004887585532747,4.529953002929688e-06,0.0
4.661083221435547e-05,0.4995112414467253,4.529953002929688e-06,1.1920928955078125e-07
4.51207160949707e-05,0.4985337243401759,4.351139068603516e-06,5.960464477539063e-08
4.374980926513672e-05,0.4975562072336266,4.351139068603516e-06,1.1920928955078125e-07
4.220008850097656e-05,0.4965786901270772,4.172325134277344e-06,-5.960464477539063e-08
4.082918167114258e-05,0.4956011730205278,4.112720489501953e-06,5.960464477539063e-08
3.93986701965332e-05,0.4946236559139785,4.0531158447265625e-06,5.960464477539063e-08
3.802776336669922e-05,0.4936461388074291,3.874301910400391e-06,0.0
3.6656856536865234e-05,0.4926686217008797,3.874301910400391e-06,5.960464477539063e-08
3.528594970703125e-05,0.4916911045943304,3.75509262084961e-06,5.960464477539063e-08
3.3915042877197266e-05,0.490713587487781,3.6954879760742183e-06,0.0
3.254413604736328e-05,0.4897360703812317,3.576278686523437e-06,5.960464477539063e-08
3.129243850708008e-05,0.4887585532746823,3.457069396972656e-06,0.0
3.0100345611572266e-05,0.4877810361681329,3.3974647521972656e-06,1.1920928955078125e-07
2.872943878173828e-05,0.4868035190615836,3.2782554626464844e-06,5.960464477539063e-08
2.747774124145508e-05,0.4858260019550342,3.2186508178710938e-06,5.960464477539063e-08
2.6226043701171875e-05,0.4848484848484848,3.0994415283203125e-06,1.1920928955078125e-07
2.4974346160888672e-05,0.4838709677419355,2.9802322387695312e-06,0.0
2.384185791015625e-05,0.4828934506353861,2.9206275939941406e-06,5.960464477539063e-08
2.264976501464844e-05,0.4819159335288367,2.86102294921875e-06,0.0
2.157688140869141e-05,0.4809384164222874,2.7418136596679688e-06,5.960464477539063e-08
2.03847885131836e-05,0.479960899315738,2.7418136596679688e-06,5.960464477539063e-08
1.925230026245117e-05,0.4789833822091887,2.562999725341797e-06,5.960464477539063e-08
1.817941665649414e-05,0.4780058651026393,2.443790435791016e-06,0.0
1.71661376953125e-05,0.4770283479960899,2.3245811462402344e-06,0.0
1.609325408935547e-05,0.4760508308895406,2.3245811462402344e-06,0.0
1.513957977294922e-05,0.4750733137829912,2.205371856689453e-06,5.960464477539063e-08
1.4185905456542969e-05,0.4740957966764418,2.086162567138672e-06,0.0
1.323223114013672e-05,0.4731182795698925,2.026557922363281e-06,0.0
1.2278556823730469e-05,0.4721407624633431,1.9073486328125e-06,-5.960464477539063e-08
1.150369644165039e-05,0.4711632453567937,1.96695327758789e-06,5.960464477539063e-08
1.055002212524414e-05,0.4701857282502444,1.8477439880371092e-06,-5.960464477539063e-08
9.834766387939451e-06,0.469208211143695,1.8477439880371092e-06,1.1920928955078125e-07
8.940696716308594e-06,0.4682306940371457,1.6093254089355469e-06,-5.960464477539063e-08
8.165836334228516e-06,0.4672531769305963,1.4901161193847656e-06,0.0
7.390975952148437e-06,0.4662756598240469,1.4901161193847656e-06,-5.960464477539063e-08
6.735324859619141e-06,0.4652981427174976,1.430511474609375e-06,0.0
6.079673767089844e-06,0.4643206256109482,1.3113021850585938e-06,-5.960464477539063e-08
5.424022674560547e-06,0.4633431085043988,1.2516975402832031e-06,-5.960464477539063e-08
4.827976226806641e-06,0.4623655913978495,1.1920928955078125e-06,0.0
4.351139068603516e-06,0.4613880742913001,1.132488250732422e-06,0.0
3.75509262084961e-06,0.4604105571847507,1.132488250732422e-06,0.0
3.2782554626464844e-06,0.4594330400782014,1.0728836059570312e-06,-5.960464477539063e-08
2.86102294921875e-06,0.458455522971652,1.0132789611816406e-06,5.960464477539063e-08
2.384185791015625e-06,0.4574780058651027,8.344650268554688e-07,-5.960464477539063e-08
2.026557922363281e-06,0.4565004887585533,8.344650268554688e-07,-5.960464477539063e-08
1.6689300537109375e-06,0.4555229716520039,7.748603820800781e-07,-5.960464477539063e-08
1.430511474609375e-06,0.4545454545454546,7.748603820800781e-07,0.0
1.1920928955078125e-06,0.4535679374389052,7.152557373046875e-07,0.0
8.344650268554688e-07,0.4525904203323558,7.152557373046875e-07,0.0
8.344650268554688e-07,0.4516129032258065,6.556510925292969e-07,1.1920928955078125e-07
5.364418029785156e-07,0.4506353861192571,5.364418029785156e-07,-5.960464477539063e-08
4.76837158203125e-07,0.4496578690127077,5.364418029785156e-07,5.960464477539063e-08
4.172325134277344e-07,0.4486803519061584,4.76837158203125e-07,0.0
4.172325134277344e-07,0.447702834799609,4.172325134277344e-07,0.0
4.172325134277344e-07,0.4467253176930597,3.5762786865234375e-07,0.0
4.76837158203125e-07,0.4457478005865103,4.172325134277344e-07,5.960464477539063e-08
5.960464477539062e-07,0.4447702834799609,2.980232238769531e-07,0.0
5.960464477539062e-07,0.4437927663734116,1.788139343261719e-07,-1.1920928955078125e-07
8.940696716308594e-07,0.4428152492668622,2.980232238769531e-07,0.0
1.0132789611816406e-06,0.4418377321603128,1.788139343261719e-07,-5.960464477539063e-08
1.3709068298339844e-06,0.4408602150537635,2.384185791015625e-07,0.0
1.6689300537109375e-06,0.4398826979472141,2.384185791015625e-07,5.960464477539063e-08
2.026557922363281e-06,0.4389051808406647,1.1920928955078125e-07,0.0
2.443790435791016e-06,0.4379276637341154,1.1920928955078125e-07,5.960464477539063e-08
2.9206275939941406e-06,0.436950146627566,1.1920928955078125e-07,0.0
3.3974647521972656e-06,0.4359726295210165,5.960464477539064e-08,-5.960464477539063e-08
3.933906555175781e-06,0.4349951124144672,1.1920928955078125e-07,1.1920928955078125e-07
4.470348358154297e-06,0.4340175953079178,5.960464477539064e-08,0.0
5.125999450683594e-06,0.4330400782013685,5.960464477539064e-08,0.0
5.7220458984375e-06,0.4320625610948191,0.0,0.0
6.496906280517578e-06,0.4310850439882697,5.960464477539064e-08,0.0
7.271766662597656e-06,0.4301075268817204,0.0,0.0
8.046627044677734e-06,0.429130009775171,5.960464477539064e-08,5.960464477539063e-08
8.940696716308594e-06,0.4281524926686216,5.960464477539064e-08,5.960464477539063e-08
9.715557098388672e-06,0.4271749755620723,0.0,0.0
1.0788440704345705e-05,0.4261974584555229,5.960464477539064e-08,5.960464477539063e-08
1.1742115020751951e-05,0.4252199413489735,5.960464477539064e-08,5.960464477539063e-08
1.2814998626708984e-05,0.4242424242424242,1.1920928955078125e-07,1.1920928955078125e-07
1.3828277587890623e-05,0.4232649071358748,0.0,5.960464477539063e-08
1.4960765838623049e-05,0.4222873900293254,5.960464477539064e-08,0.0
1.609325408935547e-05,0.4213098729227761,5.960464477539064e-08,5.960464477539063e-08
1.7344951629638672e-05,0.4203323558162267,1.1920928955078125e-07,1.1920928955078125e-07
1.8596649169921875e-05,0.4193548387096774,5.960464477539064e-08,0.0
1.996755599975586e-05,0.418377321603128,1.788139343261719e-07,1.1920928955078125e-07
2.1278858184814453e-05,0.4173998044965786,1.1920928955078125e-07,1.1920928955078125e-07
2.264976501464844e-05,0.4164222873900293,5.960464477539064e-08,5.960464477539063e-08
2.408027648925781e-05,0.4154447702834799,1.788139343261719e-07,5.960464477539063e-08
2.557039260864257e-05,0.4144672531769305,1.1920928955078125e-07,1.1920928955078125e-07
2.712011337280273e-05,0.4134897360703812,1.788139343261719e-07,0.0
2.872943878173828e-05,0.4125122189638318,2.384185791015625e-07,5.960464477539063e-08
3.0338764190673828e-05,0.4115347018572824,2.384185791015625e-07,5.960464477539063e-08
3.1948089599609375e-05,0.4105571847507331,2.384185791015625e-07,0.0
3.3736228942871094e-05,0.4095796676441837,2.980232238769531e-07,5.960464477539063e-08
3.540515899658203e-05,0.4086021505376344,2.980232238769531e-07,5.960464477539063e-08
3.725290298461914e-05,0.407624633431085,3.5762786865234375e-07,1.1920928955078125e-07
3.910064697265625e-05,0.4066471163245356,3.5762786865234375e-07,1.1920928955078125e-07
4.094839096069336e-05,0.4056695992179863,3.5762786865234375e-07,5.960464477539063e-08
4.285573959350586e-05,0.4046920821114369,3.5762786865234375e-07,0.0
4.488229751586914e-05,0.4037145650048875,4.76837158203125e-07,5.960464477539063e-08
4.684925079345703e-05,0.4027370478983382,4.172325134277344e-07,5.960464477539063e-08
4.887580871582031e-05,0.4017595307917888,4.76837158203125e-07,5.960464477539063e-08
5.09023666381836e-05,0.4007820136852394,4.172325134277344e-07,0.0
5.3048133850097656e-05,0.3998044965786901,4.76837158203125e-07,-1.1920928955078125e-07
5.53131103515625e-05,0.3988269794721407,5.960464477539062e-07,5.960464477539063e-08
5.751848220825195e-05,0.3978494623655914,6.556510925292969e-07,5.960464477539063e-08
5.97834587097168e-05,0.396871945259042,7.152557373046875e-07,5.960464477539063e-08
6.210803985595703e-05,0.3958944281524926,7.152557373046875e-07,5.960464477539063e-08
6.443262100219727e-05,0.3949169110459433,7.748603820800781e-07,5.960464477539063e-08
6.67572021484375e-05,0.3939393939393939,7.748603820800781e-07,-5.960464477539063e-08
6.920099258422852e-05,0.3929618768328445,7.748603820800781e-07,5.960464477539063e-08
7.170438766479492e-05,0.3919843597262952,8.940696716308594e-07,5.960464477539063e-08
7.414817810058594e-05,0.3910068426197458,8.940696716308594e-07,1.1920928955078125e-07
7.671117782592773e-05,0.3900293255131964,9.5367431640625e-07,1.1920928955078125e-07
7.927417755126953e-05,0.3890518084066471,1.0132789611816406e-06,5.960464477539063e-08
8.177757263183594e-05,0.3880742913000977,9.5367431640625e-07,-5.960464477539063e-08
8.445978164672852e-05,0.3870967741935484,1.132488250732422e-06,5.960464477539063e-08
8.720159530639648e-05,0.386119257086999,1.0728836059570312e-06,5.960464477539063e-08
8.982419967651367e-05,0.3851417399804496,1.132488250732422e-06,5.960464477539063e-08
9.256601333618164e-05,0.3841642228739003,1.1920928955078125e-06,5.960464477539063e-08
9.53078269958496e-05,0.3831867057673509,1.1920928955078125e-06,5.960464477539063e-08
9.810924530029296e-05,0.3822091886608015,1.2516975402832031e-06,5.960464477539063e-08
0.0001009702682495,0.3812316715542522,1.2516975402832031e-06,0.0
0.0001037716865539,0.3802541544477028,1.2516975402832031e-06,5.960464477539063e-08
0.0001066923141479,0.3792766373411534,1.3709068298339844e-06,0.0
0.0001096129417419,0.3782991202346041,1.3709068298339844e-06,5.960464477539063e-08
0.0001124739646911,0.3773216031280547,1.430511474609375e-06,-5.960464477539063e-08
0.0001155138015747,0.3763440860215054,1.5497207641601562e-06,1.1920928955078125e-07
0.0001185536384582,0.375366568914956,1.5497207641601562e-06,5.960464477539063e-08
0.000121533870697,0.3743890518084066,1.5497207641601562e-06,0.0
0.0001245141029357,0.3734115347018573,1.4901161193847656e-06,0.0
0.0001276731491088,0.3724340175953079,1.6689300537109375e-06,5.960464477539063e-08
0.0001307725906372,0.3714565004887585,1.6689300537109375e-06,5.960464477539063e-08
0.0001338720321655,0.3704789833822092,1.6689300537109375e-06,0.0
0.0001370310783386,0.3695014662756598,1.728534698486328e-06,5.960464477539063e-08
0.0001401901245117,0.3685239491691104,1.7881393432617188e-06,5.960464477539063e-08
0.0001433491706848,0.3675464320625611,1.7881393432617188e-06,1.1920928955078125e-07
0.0001465082168579,0.3665689149560117,1.7881393432617188e-06,5.960464477539063e-08
0.0001497864723205,0.3655913978494624,1.8477439880371092e-06,5.960464477539063e-08
0.0001529455184936,0.364613880742913,1.8477439880371092e-06,0.0
0.0001562237739562,0.3636363636363636,1.9073486328125e-06,5.960464477539063e-08
0.0001595616340637,0.3626588465298143,1.96695327758789e-06,1.1920928955078125e-07
0.0001627802848815,0.3616813294232649,1.9073486328125e-06,5.960464477539063e-08
0.0001660585403442,0.3607038123167155,1.96695327758789e-06,5.960464477539063e-08
0.0001693367958068,0.3597262952101662,1.96695327758789e-06,5.960464477539063e-08
0.0001726150512695,0.3587487781036168,1.96695327758789e-06,0.0
0.0001760125160217,0.3577712609970674,2.026557922363281e-06,5.960464477539063e-08
0.0001792907714843,0.3567937438905181,2.026557922363281e-06,5.960464477539063e-08
0.0001827478408813,0.3558162267839687,2.086162567138672e-06,1.1920928955078125e-07
0.0001861453056335,0.3548387096774194,2.1457672119140625e-06,1.1920928955078125e-07
0.0001893639564514,0.35386119257087,2.086162567138672e-06,5.960464477539063e-08
0.0001927614212036,0.3528836754643206,2.1457672119140625e-06,5.960464477539063e-08
0.000196099281311,0.3519061583577713,2.086162567138672e-06,5.960464477539063e-08
0.000199556350708,0.3509286412512219,2.205371856689453e-06,1.1920928955078125e-07
0.0002028942108154,0.3499511241446725,2.1457672119140625e-06,5.960464477539063e-08
0.0002061128616333,0.3489736070381232,2.1457672119140625e-06,5.960464477539063e-08
0.0002095699310302,0.3479960899315738,2.264976501464844e-06,5.960464477539063e-08
0.0002128481864929,0.3470185728250244,2.086162567138672e-06,5.960464477539063e-08
0.0002162456512451,0.3460410557184751,2.086162567138672e-06,0.0
0.0002196431159973,0.3450635386119257,2.205371856689453e-06,1.1920928955078125e-07
0.0002229809761047,0.3440860215053763,2.205371856689453e-06,5.960464477539063e-08
0.0002263188362121,0.343108504398827,2.1457672119140625e-06,0.0
0.00022953748703,0.3421309872922776,2.1457672119140625e-06,0.0
0.0002328753471374,0.3411534701857283,2.086162567138672e-06,-5.960464477539063e-08
0.0002362132072448,0.3401759530791789,2.086162567138672e-06,-5.960464477539063e-08
0.0002394914627075,0.3391984359726295,2.026557922363281e-06,0.0
0.0002428293228149,0.3382209188660802,2.1457672119140625e-06,0.0
0.0002461075782775,0.3372434017595308,2.1457672119140625e-06,5.960464477539063e-08
0.0002493858337402,0.3362658846529814,2.086162567138672e-06,0.0
0.0002526044845581,0.3352883675464321,2.026557922363281e-06,0.0
0.0002558827400207,0.3343108504398827,2.086162567138672e-06,5.960464477539063e-08
0.000258982181549,0.3333333333333333,1.96695327758789e-06,5.960464477539063e-08
0.0002623200416564,0.332355816226784,2.086162567138672e-06,5.960464477539063e-08
0.00026535987854,0.3313782991202346,1.96695327758789e-06,-5.960464477539063e-08
0.0002684593200683,0.3304007820136853,1.9073486328125e-06,-5.960464477539063e-08
0.0002716779708862,0.3294232649071359,1.9073486328125e-06,0.0
0.0002747178077697,0.3284457478005865,1.8477439880371092e-06,-1.1920928955078125e-07
0.0002777576446533,0.3274682306940372,1.9073486328125e-06,0.0
0.0002809166908264,0.3264907135874878,1.8477439880371092e-06,0.0
0.0002838373184204,0.3255131964809384,1.7881393432617188e-06,-5.960464477539063e-08
0.0002868771553039,0.3245356793743891,1.8477439880371092e-06,5.960464477539063e-08
0.0002899169921875,0.3235581622678397,1.8477439880371092e-06,5.960464477539063e-08
0.0002927780151367,0.3225806451612903,1.7881393432617188e-06,0.0
0.0002956986427307,0.321603128054741,1.728534698486328e-06,5.960464477539063e-08
0.0002985596656799,0.3206256109481916,1.7881393432617188e-06,1.1920928955078125e-07
0.0003013014793395,0.3196480938416423,1.6689300537109375e-06,-5.960464477539063e-08
0.000304102897644,0.3186705767350929,1.6093254089355469e-06,5.960464477539063e-08
0.0003068447113037,0.3176930596285435,1.6093254089355469e-06,0.0
0.0003095865249633,0.3167155425219942,1.6093254089355469e-06,0.0
0.0003122687339782,0.3157380254154448,1.4901161193847656e-06,0.0
0.0003148913383483,0.3147605083088954,1.430511474609375e-06,0.0
0.0003173947334289,0.3137829912023461,1.4901161193847656e-06,0.0
0.0003199577331542,0.3128054740957967,1.3709068298339844e-06,-5.960464477539063e-08
0.0003224611282348,0.3118279569892472,1.430511474609375e-06,5.960464477539063e-08
0.0003249645233154,0.3108504398826979,1.430511474609375e-06,1.1920928955078125e-07
0.0003272294998168,0.3098729227761485,1.2516975402832031e-06,0.0
0.0003296732902526,0.3088954056695991,1.3113021850585938e-06,0.0
0.0003319978713989,0.3079178885630498,1.2516975402832031e-06,-5.960464477539063e-08
0.0003342032432556,0.3069403714565004,1.1920928955078125e-06,0.0
0.0003364086151123,0.3059628543499511,1.132488250732422e-06,5.960464477539063e-08
0.0003386139869689,0.3049853372434017,1.132488250732422e-06,0.0
0.0003407001495361,0.3040078201368523,1.0728836059570312e-06,0.0
0.0003426671028137,0.303030303030303,1.0132789611816406e-06,-1.1920928955078125e-07
0.000344693660736,0.3020527859237536,1.0132789611816406e-06,0.0
0.0003465414047241,0.3010752688172042,9.5367431640625e-07,0.0
0.0003485679626464,0.3000977517106549,1.0728836059570312e-06,1.1920928955078125e-07
0.0003502964973449,0.2991202346041055,8.940696716308594e-07,0.0
0.000352144241333,0.2981427174975561,9.5367431640625e-07,5.960464477539063e-08
0.0003537535667419,0.2971652003910068,8.344650268554688e-07,5.960464477539063e-08
0.0003553628921508,0.2961876832844574,7.748603820800781e-07,0.0
0.0003569722175598,0.2952101661779081,8.940696716308594e-07,5.960464477539063e-08
0.0003584623336791,0.2942326490713587,7.748603820800781e-07,0.0
0.0003600120544433,0.2932551319648093,8.344650268554688e-07,1.1920928955078125e-07
0.0003612637519836,0.29227761485826,7.152557373046875e-07,1.1920928955078125e-07
0.0003626346588134,0.2913000977517106,7.152557373046875e-07,1.1920928955078125e-07
0.0003638267517089,0.2903225806451612,7.152557373046875e-07,5.960464477539063e-08
0.0003649592399597,0.2893450635386119,6.556510925292969e-07,1.1920928955078125e-07
0.0003661513328552,0.2883675464320625,6.556510925292969e-07,1.1920928955078125e-07
0.0003671646118164,0.2873900293255131,6.556510925292969e-07,1.1920928955078125e-07
0.000368058681488,0.2864125122189638,5.364418029785156e-07,5.960464477539063e-08
0.0003690123558044,0.2854349951124144,5.960464477539062e-07,5.960464477539063e-08
0.0003697872161865,0.284457478005865,5.960464477539062e-07,1.1920928955078125e-07
0.0003706216812133,0.2834799608993157,5.960464477539062e-07,1.1920928955078125e-07
0.0003712773323059,0.2825024437927663,5.960464477539062e-07,1.1920928955078125e-07
0.0003718137741088,0.281524926686217,5.960464477539062e-07,1.1920928955078125e-07
0.0003723502159118,0.2805474095796676,4.172325134277344e-07,5.960464477539063e-08
0.00037282705307,0.2795698924731182,5.960464477539062e-07,1.7881393432617188e-07
0.0003732442855834,0.2785923753665689,5.960464477539062e-07,1.1920928955078125e-07
0.0003734827041625,0.2776148582600195,5.364418029785156e-07,5.960464477539063e-08
0.0003737211227416,0.2766373411534701,5.364418029785156e-07,1.1920928955078125e-07
0.000373899936676,0.2756598240469208,5.364418029785156e-07,1.1920928955078125e-07
0.0003740191459655,0.2746823069403714,5.960464477539062e-07,1.7881393432617188e-07
0.0003739595413208,0.273704789833822,5.364418029785156e-07,1.1920928955078125e-07
0.0003738403320312,0.2727272727272727,5.960464477539062e-07,1.1920928955078125e-07
0.0003736019134521,0.2717497556207233,5.364418029785156e-07,0.0
0.0003734827041625,0.270772238514174,5.960464477539062e-07,1.1920928955078125e-07
0.0003731250762939,0.2697947214076246,6.556510925292969e-07,1.7881393432617188e-07
0.0003727674484252,0.2688172043010752,7.152557373046875e-07,1.1920928955078125e-07
0.000372290611267,0.2678396871945259,7.748603820800781e-07,1.1920928955078125e-07
0.0003716945648193,0.2668621700879765,7.152557373046875e-07,1.1920928955078125e-07
0.000370979309082,0.2658846529814271,7.748603820800781e-07,1.7881393432617188e-07
0.0003703832626342,0.2649071358748778,8.344650268554688e-07,1.7881393432617188e-07
0.0003696680068969,0.2639296187683284,9.5367431640625e-07,2.980232238769531e-07
0.0003687143325805,0.262952101661779,9.5367431640625e-07,1.7881393432617188e-07
0.0003677606582641,0.2619745845552297,1.0132789611816406e-06,1.7881393432617188e-07
0.0003667473793029,0.2609970674486803,1.0132789611816406e-06,1.7881393432617188e-07
0.0003655552864074,0.260019550342131,1.132488250732422e-06,1.1920928955078125e-07
0.0003644227981567,0.2590420332355816,1.1920928955078125e-06,2.384185791015625e-07
0.0003631711006164,0.2580645161290322,1.2516975402832031e-06,1.7881393432617188e-07
0.0003618001937866,0.2570869990224829,1.2516975402832031e-06,1.7881393432617188e-07
0.0003603100776672,0.2561094819159335,1.3709068298339844e-06,1.7881393432617188e-07
0.0003588795661926,0.2551319648093841,1.430511474609375e-06,1.7881393432617188e-07
0.0003572702407836,0.2541544477028348,1.5497207641601562e-06,1.7881393432617188e-07
0.0003556609153747,0.2531769305962854,1.6689300537109375e-06,2.384185791015625e-07
0.0003538727760314,0.252199413489736,1.728534698486328e-06,1.7881393432617188e-07
0.0003520846366882,0.2512218963831867,1.7881393432617188e-06,1.7881393432617188e-07
0.0003501772880554,0.2502443792766373,1.9073486328125e-06,2.384185791015625e-07
0.0003482699394226,0.2492668621700879,2.086162567138672e-06,2.980232238769531e-07
0.0003461837768554,0.2482893450635386,2.1457672119140625e-06,2.384185791015625e-07
0.0003440976142883,0.2473118279569892,2.264976501464844e-06,2.980232238769531e-07
0.0003419518470764,0.2463343108504398,2.384185791015625e-06,2.980232238769531e-07
0.0003396272659301,0.2453567937438905,2.5033950805664062e-06,2.384185791015625e-07
0.0003372430801391,0.2443792766373411,2.6226043701171875e-06,2.384185791015625e-07
0.0003348588943481,0.2434017595307918,2.7418136596679688e-06,2.384185791015625e-07
0.0003324151039123,0.2424242424242424,2.86102294921875e-06,2.980232238769531e-07
0.000329852104187,0.241446725317693,3.039836883544922e-06,2.980232238769531e-07
0.0003271698951721,0.2404692082111437,3.0994415283203125e-06,2.980232238769531e-07
0.000324547290802,0.2394916911045943,3.2186508178710938e-06,2.980232238769531e-07
0.0003216862678527,0.2385141739980449,3.3974647521972656e-06,2.384185791015625e-07
0.0003189444541931,0.2375366568914956,3.516674041748047e-06,2.384185791015625e-07
0.0003160238265991,0.2365591397849462,3.635883331298828e-06,2.980232238769531e-07
0.0003131031990051,0.2355816226783968,3.874301910400391e-06,2.384185791015625e-07
0.000309944152832,0.2346041055718475,3.933906555175781e-06,2.384185791015625e-07
0.0003069639205932,0.2336265884652981,4.172325134277344e-06,2.384185791015625e-07
0.0003038644790649,0.2326490713587488,4.291534423828125e-06,2.980232238769531e-07
0.0003005862236022,0.2316715542521994,4.529953002929688e-06,2.980232238769531e-07
0.0002974271774291,0.23069403714565,4.708766937255859e-06,2.980232238769531e-07
0.000294029712677,0.2297165200391007,4.887580871582031e-06,3.5762786865234375e-07
0.0002906918525695,0.2287390029325513,5.0067901611328125e-06,2.980232238769531e-07
0.0002871751785278,0.2277614858260019,5.066394805908203e-06,2.384185791015625e-07
0.0002837777137756,0.2267839687194526,5.364418029785156e-06,2.980232238769531e-07
0.0002802014350891,0.2258064516129032,5.602836608886719e-06,2.980232238769531e-07
0.0002766251564025,0.2248289345063538,5.7220458984375e-06,3.5762786865234375e-07
0.0002729296684265,0.2238514173998045,5.960464477539063e-06,3.5762786865234375e-07
0.0002692341804504,0.2228739002932551,6.079673767089844e-06,2.384185791015625e-07
0.0002655386924743,0.2218963831867058,6.198883056640625e-06,2.980232238769531e-07
0.0002618432044982,0.2209188660801564,6.437301635742188e-06,3.5762786865234375e-07
0.0002580285072326,0.219941348973607,6.67572021484375e-06,3.5762786865234375e-07
0.0002541542053222,0.2189638318670577,6.854534149169922e-06,3.5762786865234375e-07
0.0002502799034118,0.2179863147605083,7.033348083496094e-06,2.980232238769531e-07
0.0002462267875671,0.2170087976539589,7.152557373046875e-06,2.384185791015625e-07
0.0002422332763671,0.2160312805474096,7.271766662597656e-06,2.384185791015625e-07
0.000238299369812,0.2150537634408602,7.569789886474609e-06,2.980232238769531e-07
0.000234305858612,0.2140762463343108,7.808208465576172e-06,2.980232238769531e-07
0.0002301931381225,0.2130987292277615,7.927417755126953e-06,2.384185791015625e-07
0.0002261400222778,0.2121212121212121,8.046627044677734e-06,2.384185791015625e-07
0.0002220869064331,0.2111436950146628,8.344650268554688e-06,2.980232238769531e-07
0.0002179741859436,0.2101661779081134,8.463859558105469e-06,2.980232238769531e-07
0.0002137422561645,0.209188660801564,8.702278137207031e-06,3.5762786865234375e-07
0.0002095699310302,0.2082111436950147,8.881092071533203e-06,2.384185791015625e-07
0.0002055168151855,0.2072336265884653,9.179115295410156e-06,3.5762786865234375e-07
0.0002012252807617,0.2062561094819159,9.298324584960938e-06,2.384185791015625e-07
0.0001970529556274,0.2052785923753666,9.47713851928711e-06,2.384185791015625e-07
0.0001928210258483,0.2043010752688172,9.65595245361328e-06,2.980232238769531e-07
0.0001885890960693,0.2033235581622678,9.834766387939451e-06,2.384185791015625e-07
0.0001842975616455,0.2023460410557185,9.953975677490234e-06,2.384185791015625e-07
0.0001800656318664,0.2013685239491691,1.0132789611816406e-05,2.384185791015625e-07
0.0001758933067321,0.2003910068426198,1.0311603546142578e-05,2.384185791015625e-07
0.0001716613769531,0.1994134897360704,1.043081283569336e-05,2.384185791015625e-07
0.000167429447174,0.198435972629521,1.0609626770019531e-05,2.384185791015625e-07
0.000163197517395,0.1974584555229717,1.0967254638671877e-05,2.980232238769531e-07
0.0001589059829711,0.1964809384164223,1.1026859283447266e-05,2.384185791015625e-07
0.0001547932624816,0.1955034213098729,1.1205673217773438e-05,2.980232238769531e-07
0.0001506209373474,0.1945259042033236,1.1444091796875e-05,2.384185791015625e-07
0.0001463890075683,0.1935483870967742,1.150369644165039e-05,2.980232238769531e-07
0.000142216682434,0.1925708699902248,1.1682510375976562e-05,2.384185791015625e-07
0.0001380443572998,0.1915933528836755,1.1801719665527344e-05,1.7881393432617188e-07
0.0001340508460998,0.1906158357771261,1.1920928955078123e-05,2.980232238769531e-07
0.0001299381256103,0.1896383186705768,1.2159347534179688e-05,2.980232238769531e-07
0.0001258850097656,0.1886608015640274,1.2218952178955078e-05,2.384185791015625e-07
0.0001217722892761,0.187683284457478,1.239776611328125e-05,2.384185791015625e-07
0.0001178383827209,0.1867057673509287,1.245737075805664e-05,2.384185791015625e-07
0.0001137852668762,0.1857282502443792,1.2516975402832031e-05,1.7881393432617188e-07
0.000109851360321,0.1847507331378298,1.2576580047607422e-05,1.1920928955078125e-07
0.0001060366630554,0.1837732160312805,1.2814998626708984e-05,2.384185791015625e-07
0.0001021027565002,0.1827956989247311,1.2874603271484377e-05,1.1920928955078125e-07
9.834766387939452e-05,0.1818181818181817,1.2993812561035156e-05,1.7881393432617188e-07
9.459257125854492e-05,0.1808406647116324,1.3053417205810549e-05,1.1920928955078125e-07
9.083747863769533e-05,0.179863147605083,1.3113021850585938e-05,1.7881393432617188e-07
8.720159530639648e-05,0.1788856304985336,1.329183578491211e-05,1.7881393432617188e-07
8.362531661987305e-05,0.1779081133919843,1.33514404296875e-05,1.7881393432617188e-07
8.004903793334961e-05,0.1769305962854349,1.33514404296875e-05,2.384185791015625e-07
7.653236389160156e-05,0.1759530791788855,1.33514404296875e-05,1.7881393432617188e-07
7.301568984985352e-05,0.1749755620723362,1.347064971923828e-05,1.7881393432617188e-07
6.979703903198242e-05,0.1739980449657868,1.3530254364013672e-05,1.7881393432617188e-07
6.645917892456055e-05,0.1730205278592375,1.3530254364013672e-05,1.7881393432617188e-07
6.318092346191406e-05,0.1720430107526881,1.3530254364013672e-05,1.1920928955078125e-07
6.002187728881836e-05,0.1710654936461387,1.3589859008789062e-05,5.960464477539063e-08
5.692243576049805e-05,0.1700879765395894,1.3530254364013672e-05,1.1920928955078125e-07
5.3882598876953125e-05,0.16911045943304,1.3589859008789062e-05,1.1920928955078125e-07
5.096197128295898e-05,0.1681329423264906,1.3649463653564451e-05,2.384185791015625e-07
4.810094833374024e-05,0.1671554252199413,1.3530254364013672e-05,1.1920928955078125e-07
4.529953002929688e-05,0.1661779081133919,1.3530254364013672e-05,5.960464477539063e-08
4.2438507080078125e-05,0.1652003910068425,1.347064971923828e-05,1.1920928955078125e-07
3.987550735473633e-05,0.1642228739002932,1.341104507446289e-05,5.960464477539063e-08
3.734230995183774e-05,0.1632453567937438,1.3381242752130706e-05,5.960464483090178e-08
3.483891487127133e-05,0.1622678396871945,1.3381242752130706e-05,1.192092896062924e-07
3.2454729080255706e-05,0.1612903225806451,1.3262033462579924e-05,1.192092896062924e-07
3.0100345611572266e-05,0.1603128054740957,1.3172626495361328e-05,5.960464477539063e-08
2.7894973754938324e-05,0.1593352883675464,1.3053417205866058e-05,2.9802322443206464e-08
2.580881118779965e-05,0.158357771260997,1.3083219528253752e-05,5.960464483090178e-08
2.372264862066098e-05,0.1573802541544476,1.290440559392758e-05,8.940696721859709e-08
2.181529998779297e-05,0.1564027370478983,1.2874603271484377e-05,8.940696716308594e-08
1.996755599975586e-05,0.1554252199413489,1.2695789337158205e-05,1.1920928955078125e-07
1.8209218978937347e-05,0.1544477028347995,1.2576580047662931e-05,8.940696721859709e-08
1.6510486602838714e-05,0.1534701857282502,1.2457370758112152e-05,5.960464483090178e-08
1.5020370483398438e-05,0.1524926686217008,1.2308359146118164e-05,5.960464477539063e-08
1.3560056686401367e-05,0.1515151515151515,1.2248754501342772e-05,8.940696716308594e-08
1.21593475342352e-05,0.1505376344086021,1.2010335922296722e-05,2.9802322443206464e-08
1.0907649993896484e-05,0.1495601173020527,1.1861324310302734e-05,-2.9802322387695312e-08
9.685754776000977e-06,0.1485826001955034,1.1652708053588867e-05,0.0
8.64267349243164e-06,0.147605083088954,1.1533498764038086e-05,2.9802322387695312e-08
7.718801498413086e-06,0.1466275659824046,1.138448715209961e-05,5.960464477539063e-08
6.824731826837738e-06,0.1456500488758553,1.1235475540216644e-05,-2.980232233218416e-08
6.079673767089844e-06,0.1446725317693059,1.099705696105957e-05,5.960464477539063e-08
5.364418029840667e-06,0.1436950146627565,1.0788440704401214e-05,5.551115123125783e-17
4.7981739044744565e-06,0.1427174975562072,1.0550022125299652e-05,5.551115123125783e-17
4.410743713434417e-06,0.1417399804496578,1.0401010513361175e-05,5.551115123125783e-17
4.0531158447265625e-06,0.1407624633431085,1.0192394256591795e-05,0.0
3.725290298517425e-06,0.1397849462365591,9.894371032770357e-06,5.960464483090178e-08
3.6358833313543393e-06,0.1388074291300097,9.745359420831878e-06,2.9802322443206464e-08
3.5464763641912533e-06,0.1378299120234604,9.536743164118013e-06,5.960464483090178e-08
3.5762786865789487e-06,0.136852394916911,9.298324585016449e-06,5.551115123125783e-17
3.725290298517425e-06,0.1358748778103616,9.059906005914886e-06,2.9802322443206464e-08
3.9637088775634766e-06,0.1348973607038123,8.851289749145508e-06,2.9802322387695312e-08
4.2319297791082455e-06,0.1339198435972629,8.583068847711761e-06,5.960464483090178e-08
4.7087669373113705e-06,0.1329423264907135,8.314847946222503e-06,5.960464483090178e-08
5.215406417902191e-06,0.1319648093841642,8.165836334284027e-06,5.960464483090178e-08
5.751848220825195e-06,0.1309872922776148,7.808208465576172e-06,2.9802322387695312e-08
6.437301635797699e-06,0.1300097751710655,7.480382919367035e-06,5.551115123125783e-17
7.241964340209961e-06,0.1290322580645161,7.361173629760742e-06,5.960464477539063e-08
8.165836334284027e-06,0.1280547409579667,7.092952728326996e-06,5.960464483090178e-08
9.119510650634766e-06,0.1270772238514174,6.884336471557617e-06,5.960464477539063e-08
1.0162591934204102e-05,0.126099706744868,6.616115570068359e-06,2.9802322387695312e-08
1.1205673217773438e-05,0.1251221896383186,6.288290023803711e-06,2.9802322387695312e-08
1.245737075805664e-05,0.1241446725317693,6.079673767089844e-06,5.960464477539063e-08
1.3709068298395357e-05,0.1231671554252199,5.811452865656097e-06,5.551115123125783e-17
1.4960765838678558e-05,0.1221896383186705,5.483627319391449e-06,-5.9604644719879474e-08
1.6480684280395508e-05,0.1212121212121212,5.27501106262207e-06,0.0
1.794099807744809e-05,0.1202346041055718,5.036592483576019e-06,-2.980232233218416e-08
1.952052116399594e-05,0.1192570869990224,4.768371582086761e-06,5.551115123125783e-17
2.1100044250543792e-05,0.1182795698924731,4.559755325372894e-06,-2.980232233218416e-08
2.282857894897461e-05,0.1173020527859237,4.32133674621582e-06,2.9802322387695312e-08
2.461671829229184e-05,0.1163245356793744,4.082918167169769e-06,5.960464483090178e-08
2.637505531311035e-05,0.115347018572825,3.75509262084961e-06,0.0
2.819299697875977e-05,0.1143695014662756,3.606081008911133e-06,5.960464477539063e-08
3.018975257873535e-05,0.1133919843597263,3.3676624298095703e-06,2.9802322387695312e-08
3.206729888916016e-05,0.1124144672531769,3.129243850708008e-06,2.9802322387695312e-08
3.409385681157895e-05,0.1114369501466275,2.920627594049652e-06,2.9802322443206464e-08
3.606081008916684e-05,0.1104594330400782,2.6822090149480893e-06,2.9802322443206464e-08
3.811717033386231e-05,0.1094819159335288,2.5331974029541016e-06,-2.9802322387695312e-08
4.029273986816406e-05,0.1085043988269794,2.3543834686279297e-06,8.940696716308594e-08
4.2319297790582855e-05,0.1075268817204301,2.0265579224187924e-06,5.551115123125783e-17
4.449486732488461e-05,0.1065493646138807,1.907348632868011e-06,2.9802322443206464e-08
4.667043685918637e-05,0.1055718475073314,1.7583370209295346e-06,5.960464483090178e-08
4.887580871582031e-05,0.104594330400782,1.6391277313232422e-06,8.940696716308594e-08
5.1081180572509766e-05,0.1036168132942326,1.430511474609375e-06,5.960464477539063e-08
5.325675010681152e-05,0.1026392961876833,1.2516975402832031e-06,2.9802322387695312e-08
5.549192428588867e-05,0.1016617790811339,1.1026859283447266e-06,5.960464477539063e-08
5.766749382024594e-05,0.1006842619745845,1.0132789612371518e-06,5.960464483090178e-08
5.98430633545477e-05,0.0997067448680352,8.940696716863705e-07,5.960464483090178e-08
6.201863288884946e-05,0.0987292277614858,7.45058059747894e-07,2.9802322443206464e-08
6.42240047454834e-05,0.0977517106549364,6.258487701416016e-07,2.9802322387695312e-08
6.633996963506528e-05,0.0967741935483871,4.768371582586362e-07,5.551115123125783e-17
6.842613220214844e-05,0.0957966764418377,4.172325134277344e-07,0.0
7.05420970916748e-05,0.0948191593352884,2.980232238769531e-07,0.0
7.262825965881348e-05,0.093841642228739,2.682209014892578e-07,2.9802322387695312e-08
7.462501525884457e-05,0.0928641251221896,1.7881393438168305e-07,-5.9604644719879474e-08
7.668137550359555e-05,0.0918866080156403,1.192092896062924e-07,2.9802322443206464e-08
7.864832878112793e-05,0.0909090909090909,8.940696716308595e-08,5.960464477539063e-08
8.052587509155273e-05,0.0899315738025415,1.1920928955078125e-07,5.960464477539063e-08
8.237361907964535e-05,0.0889540566959922,2.9802322443206464e-08,5.551115123125783e-17
8.416175842285156e-05,0.0879765395894428,5.960464477539064e-08,2.9802322387695312e-08
8.589029312133789e-05,0.0869990224828934,2.9802322387695312e-08,0.0
8.755922317510434e-05,0.0860215053763441,8.94069672185971e-08,2.9802322443206464e-08
8.90791416168768e-05,0.0850439882697947,1.192092896062924e-07,2.9802322443206464e-08
9.062886238103696e-05,0.0840664711632454,1.192092896062924e-07,5.960464483090178e-08
9.208917617803404e-05,0.083088954056696,1.7881393438168305e-07,5.960464483090178e-08
9.340047836303712e-05,0.0821114369501466,2.384185791015625e-07,5.960464477539063e-08
9.465217590337582e-05,0.0811339198435973,2.6822090154476896e-07,5.551115123125783e-17
9.581446647649594e-05,0.0801564027370479,3.576278687078549e-07,2.9802322443206464e-08
9.688735008245296e-05,0.0791788856304985,3.576278687078549e-07,-2.980232233218416e-08
9.79006290435791e-05,0.0782013685239492,5.066394805908203e-07,2.9802322387695312e-08
9.876489639282228e-05,0.0772238514173998,5.960464477539062e-07,2.9802322387695312e-08
9.953975677490234e-05,0.0762463343108504,6.556510925292969e-07,-2.9802322387695312e-08
0.000100165605545,0.0752688172043011,8.046627045232846e-07,2.9802322443206464e-08
0.0001007318496704,0.0742913000977517,9.536743164617612e-07,5.960464483090178e-08
0.0001011192798614,0.0733137829912023,1.0728836059570312e-06,5.960464477539063e-08
0.0001015067100524,0.072336265884653,1.1920928955078125e-06,0.0
0.0001017451286315,0.0713587487781036,1.3113021850585938e-06,2.9802322387695312e-08
0.0001018047332763,0.0703812316715543,1.4901161193847656e-06,5.960464477539063e-08
0.0001016855239868,0.0694037145650049,1.5795230866033627e-06,5.551115123125783e-17
0.0001015067100524,0.0684261974584555,1.7583370208740234e-06,0.0
0.000101238489151,0.0674486803519062,1.96695327758789e-06,5.960464477539063e-08
0.0001007914543152,0.0664711632453568,2.1159648895818783e-06,5.960464483090178e-08
0.0001003444194793,0.0654936461388074,2.294778823852539e-06,5.960464477539063e-08
9.959936141967772e-05,0.0645161290322581,2.443790435791016e-06,2.9802322387695312e-08
9.876489639282228e-05,0.0635386119257087,2.562999725341797e-06,5.960464477539063e-08
9.78708267211914e-05,0.0625610948191593,2.7418136596679688e-06,2.9802322387695312e-08
9.673833847045898e-05,0.0615835777126099,2.9206275939941406e-06,2.9802322387695312e-08
9.554624557495116e-05,0.0606060606060605,3.159046173095703e-06,5.960464477539063e-08
9.41753387451727e-05,0.0596285434995111,3.218650817926605e-06,5.551115123125783e-17
9.271502494817564e-05,0.0586510263929618,3.4570693970281674e-06,5.960464483090178e-08
9.116530418401549e-05,0.0576735092864124,3.5762786865789487e-06,5.960464483090178e-08
8.937716484069824e-05,0.0566959921798631,3.6954879760742183e-06,0.0
8.755922317504883e-05,0.0557184750733137,3.904104232788086e-06,5.960464477539063e-08
8.565187454223633e-05,0.0547409579667643,4.0531158447265625e-06,5.960464477539063e-08
8.356571197509766e-05,0.053763440860215,4.172325134277344e-06,2.9802322387695312e-08
8.133053779607602e-05,0.0527859237536656,4.321336746271332e-06,5.551115123125783e-17
7.912516593938657e-05,0.0518084066471162,4.440546035822113e-06,8.940696721859709e-08
7.665157318115234e-05,0.0508308895405669,4.529953002929688e-06,2.9802322387695312e-08
7.420778274541684e-05,0.0498533724340175,4.64916229253598e-06,8.940696721859709e-08
7.164478302007504e-05,0.0488758553274681,4.768371582086761e-06,1.4901161199398771e-07
6.890296936035156e-05,0.0478983382209188,4.887580871582031e-06,8.940696716308594e-08
6.61611557007391e-05,0.0469208211143694,4.947185516412933e-06,8.940696721859709e-08
6.335973739629575e-05,0.04594330400782,5.006790161188324e-06,8.940696721859709e-08
6.0439109802246094e-05,0.0449657869012707,5.066394805908203e-06,5.960464477539063e-08
5.745887756347656e-05,0.0439882697947213,5.155801773071289e-06,1.1920928955078125e-07
5.441904067998715e-05,0.043010752688172,5.1558017731268e-06,5.960464483090178e-08
5.137920379638672e-05,0.0420332355816226,5.185604095458984e-06,1.1920928955078125e-07
4.83393669128418e-05,0.0410557184750732,5.155801773071289e-06,8.940696716308594e-08
4.526972770690918e-05,0.0400782013685239,5.245208740234375e-06,1.7881393432617188e-07
4.214048385620117e-05,0.0391006842619745,5.185604095458984e-06,1.1920928955078125e-07
3.898143768310547e-05,0.0381231671554251,5.125999450683594e-06,1.4901161193847656e-07
3.591179847717285e-05,0.0371456500488758,5.125999450683594e-06,1.1920928955078125e-07
3.2842159271295746e-05,0.0361681329423264,5.006790161188324e-06,1.192092896062924e-07
2.9802322387750824e-05,0.035190615835777,4.976987838800628e-06,1.4901161199398771e-07
2.679228782653809e-05,0.0342130987292277,4.827976226806641e-06,8.940696716308594e-08
2.390146255493164e-05,0.0332355816226783,4.738569259643555e-06,1.1920928955078125e-07
2.1159648895319183e-05,0.032258064516129,4.678964614923675e-06,1.7881393438168303e-07
1.841783523565121e-05,0.0312805474095796,4.529953002985199e-06,1.4901161199398771e-07
1.5795230865534027e-05,0.0303030303030302,4.351139068659027e-06,1.4901161199398771e-07
1.3440847396850586e-05,0.0293255131964809,4.231929779052734e-06,1.7881393432617188e-07
1.1146068572998049e-05,0.0283479960899315,4.023313522338867e-06,1.1920928955078125e-07
8.9704990387518e-06,0.0273704789833821,3.814697265680511e-06,8.940696721859709e-08
7.033348083496094e-06,0.0263929618768328,3.665685653686523e-06,1.1920928955078125e-07
5.334615707452972e-06,0.0254154447702834,3.427267074640472e-06,1.192092896062924e-07
3.874301910400391e-06,0.024437927663734,3.248453140258789e-06,1.4901161193847656e-07
2.6822090149480893e-06,0.0234604105571847,3.039836883600433e-06,1.192092896062924e-07
1.728534698486328e-06,0.0224828934506353,2.7418136596679688e-06,5.960464477539063e-08
1.132488250732422e-06,0.021505376344086,2.562999725341797e-06,8.940696716308594e-08
8.642673492986752e-07,0.0205278592375366,2.384185791071136e-06,1.192092896062924e-07
9.536743164617612e-07,0.0195503421309872,2.086162567194183e-06,8.940696721859709e-08
1.4603137970525817e-06,0.0185728250244379,1.907348632868011e-06,1.192092896062924e-07
2.2947788239080502e-06,0.0175953079178885,1.6689300537664489e-06,1.192092896062924e-07
3.606081008966644e-06,0.0166177908113391,1.4305114746648862e-06,5.960464483090178e-08
5.424022674560547e-06,0.0156402737047898,1.2218952178955078e-06,1.1920928955078125e-07
7.688999176080902e-06,0.0146627565982404,9.834766388494565e-07,5.960464483090178e-08
1.055002212524414e-05,0.013685239491691,8.940696716308594e-07,1.1920928955078125e-07
1.3917684555053713e-05,0.0127077223851417,6.556510925292969e-07,8.940696716308594e-08
1.7911195755060394e-05,0.0117302052785923,5.066394806463315e-07,2.9802322443206464e-08
2.250075340270996e-05,0.010752688172043,3.8743019104003917e-07,5.960464477539063e-08
2.7745962142999847e-05,0.0097751710654936,2.3841857915707365e-07,8.940696721859709e-08
3.3736228942926605e-05,0.0087976539589442,1.4901161199398774e-07,2.9802322443206464e-08
4.035234451293945e-05,0.0078201368523949,8.940696716308595e-08,2.9802322387695312e-08
4.792213439946957e-05,0.0068426197458455,1.192092896062924e-07,5.960464483090178e-08
5.605816841125488e-05,0.0058651026392961,8.940696716308595e-08,0.0
6.514787673955746e-05,0.0048875855327468,1.192092896062924e-07,2.9802322443206464e-08
7.516145706182309e-05,0.0039100684261974,2.980232239324643e-07,5.960464483090178e-08
8.597970008855649e-05,0.002932551319648,4.172325134832455e-07,-2.980232233218416e-08
9.79006290435791e-05,0.0019550342130987,6.854534149169922e-07,2.9802322387695312e-08
0.0001106560230255,0.0009775171065493,8.940696716308594e-07,0.0
0.0001245737075805,0.0,1.2516975402832031e-06,2.9802322387695312e-08
